objectid,facilityid,name,length,width,surftype,hiking,mtbcycle,roadcycle,equestrian,ski,snowmobile,motorcycle,atv,mtrvehicle,skilllevel,condition,ownedby,maintby,status,trail_type,slope,created_user,last_edited_user,county,council_district,last_edited_date,created_date,installdate,shape_Length
1,4060,Lake Zorinsky Trail,3194.38318692,,,,,,,,,,,,,,,,Existing,,,gis,jechezem,Douglas,,2022/12/08 14:07:55+00,2017/05/15 20:07:57+00,,3193.33009138475
2,158,144th Street South,942.97956869,,,,,,,,,,,,,,,,Existing,Multi-Use,,jechezem,jechezem,Douglas,,2022/12/08 14:07:55+00,2022/12/08 14:01:22+00,,942.66866030181
3,3546, ,131.05340335,10,Concrete, , , , , , , , , , , ,,,,,,GIS,jechezem,Sarpy,,2022/12/08 14:10:29+00,2017/04/01 01:10:23+00,,131.011102945722
4,17,,1965.71389067,,,,,,,,,,,,,,,,Existing,Multi-Use,,MLSCHONLAU,jechezem,Sarpy,,2022/12/08 14:10:29+00,2014/12/04 22:33:40+00,,1965.07285036605
5,4066,,4813.2590528,,,,,,,,,,,,,,,,Proposed,,,gis,jechezem,Douglas,,2022/12/08 14:07:55+00,2017/05/13 02:34:44+00,,4811.656708723
6,3518,Hidden Lake,2833.21386851,, , , , , , , , , , , , ,,,,,,GIS,jechezem,Sarpy,,2022/12/08 14:10:29+00,2017/04/01 01:10:23+00,,2832.29559751373
7,11734,Ridgeline Trail,938.83048944,,,Yes,No,No,No,No,No,No,No,No,Easy,,,,Existing,Park Trail,,jechezem,jechezem,Douglas,,2022/12/08 14:07:55+00,2022/12/06 20:59:38+00,,938.512696147463
8,3490,Habitat Hollow,862.62943282,, , , , , , , , , , , , ,,,,,,GIS,jechezem,Sarpy,,2022/12/08 14:10:29+00,2017/04/01 01:10:23+00,,862.348735413217
9,273,,2561.63655536,,,,,,,,,,,,,,,,Proposed,Multi-Use,,GIS,jechezem,Douglas,,2022/12/08 14:07:55+00,2014/12/22 20:53:21+00,,2560.77085507193
10,10932,Standing Bear Lake Trail,3615.03500444,,,,,,,,,,,,,,,,Existing,,,jechezem,jechezem,Douglas,,2022/12/08 14:07:55+00,2022/09/07 15:07:26+00,,3613.81959396465
11,4039,,3134.20378629,,,,,,,,,,,,,,,,Proposed,,,gis,jechezem,Douglas,,2022/12/08 14:07:55+00,2017/05/15 21:27:25+00,,3133.15961308633
12,3887,,467.37768287,,,,,,,,,,,,,,,,Proposed,,,gis,jechezem,Douglas,,2022/12/08 14:07:55+00,2017/05/15 21:12:09+00,,467.221064073269
13,3491,Hackberry,2018.06491893,, , , , , , , , , , , , ,,,,,,GIS,jechezem,Sarpy,,2022/12/08 14:10:29+00,2017/04/01 01:10:23+00,,2017.40857537682
14,3970,Glenn Cunningham Lake Trail,2755.35743436,,,,,,,,,,,,,,,,Existing,,,gis,jechezem,Douglas,,2022/12/08 14:07:55+00,2017/05/16 02:29:02+00,,2754.42834129972
15,3989,Locust St Trail,5818.68416198,,,,,,,,,,,,,,,,Existing,,,gis,jechezem,Douglas,,2022/12/08 14:07:55+00,2017/05/13 00:29:10+00,,5816.74044776072
16,3504,History,3824.63187306,, , , , , , , , , , , , ,,,,,,GIS,jechezem,Sarpy,,2022/12/08 14:10:29+00,2017/04/01 01:10:23+00,,3823.39457098982
17,4044,Westin Hills Park Trail,556.11815542,,,,,,,,,,,,,,,,Existing,,,gis,jechezem,Douglas,,2022/12/08 14:07:55+00,2017/05/15 21:13:50+00,,555.931806302433
18,3554, ,89.55536393,10,Concrete, , , , , , , , , , , ,,,,,,GIS,jechezem,Sarpy,,2022/12/08 13:49:44+00,2017/04/01 01:10:23+00,,89.5258978112173
19,3988,Pacific St Trail,5110.24688384,,,,,,,,,,,,,,,,Existing,,,gis,jechezem,Douglas,,2022/12/08 14:07:55+00,2017/05/15 19:04:37+00,,5108.55356956125
20,5336,,791.94995801,,,,,,,,,,,,,,,,Proposed,,,jechezem,jechezem,Douglas,,2022/12/08 14:07:55+00,2020/05/13 17:20:32+00,,791.684103102768
21,3905,Lake Zorinsky Trail,831.44965987,,,,,,,,,,,,,,,,Existing,,,gis,jechezem,Douglas,,2022/12/08 14:07:55+00,2017/05/15 19:38:35+00,,831.175439808443
22,63,Rambleridge,5609.501903,,,,,,,,,,,,,,,,Existing,Multi-Use,,MLSCHONLAU,jechezem,Douglas,,2022/12/08 14:07:55+00,2014/12/04 22:33:40+00,,5607.61977827158
23,3946,Keystone Trail,1824.83867317,,,,,,,,,,,,,,,,Existing,,,gis,jechezem,Douglas,,2022/12/08 14:07:55+00,2017/05/13 02:42:35+00,,1824.22536046121
24,46,Burt St Trail,1700.70170561,,,,,,,,,,,,,,,,Existing,Multi-Use,,MLSCHONLAU,jechezem,Douglas,,2022/12/08 14:07:55+00,2014/12/04 22:33:40+00,,1700.13574474212
25,4080,144th Street South,240.72804788,,,,,,,,,,,,,,,,Existing,,,gis,jechezem,Douglas,,2022/12/08 14:07:55+00,2017/05/15 21:46:41+00,,240.648733718941
26,4098,,889.49505723,,,,,,,,,,,,,,,,Existing,,,gis,jechezem,Sarpy,,2022/12/08 14:10:29+00,2017/05/16 01:40:07+00,,889.20948903457
27,3977,,2724.92052871,,,,,,,,,,,,,,,,Existing,,,gis,jechezem,Sarpy,,2022/12/08 14:10:29+00,2017/05/16 01:38:43+00,,2724.04744503944
28,4071,,9328.52336899,,,,,,,,,,,,,,,,Proposed,,,gis,jechezem,Douglas,,2022/12/08 14:07:55+00,2017/05/16 00:22:59+00,,9325.40259532058
29,116,Willow Wood,2434.42170155,,,,,,,,,,,,,,,,Existing,Multi-Use,,MLSCHONLAU,jechezem,Douglas,,2022/12/08 14:07:55+00,2014/12/04 22:33:40+00,,2433.60892649891
30,3958,,1896.28677591,,,,,,,,,,,,,,,,Proposed,,,gis,jechezem,Douglas,,2022/12/08 14:07:55+00,2017/05/15 20:33:38+00,,1895.65632850027
31,251,South Omaha Trail,19753.52532688,,,,,,,,,,,,,,,,Existing,Multi-Use,,GIS,jechezem,Douglas,,2022/12/08 14:07:55+00,2014/12/22 20:53:21+00,,19747.0270693713
32,3943,Keystone Trail,920.26283806,,,,,,,,,,,,,,,,Existing,,,gis,jechezem,Douglas,,2022/12/08 14:07:55+00,2017/05/13 02:41:35+00,,919.954186946047
33,158,144th Street South,8291.29802531,,,,,,,,,,,,,,,,Existing,Multi-Use,,jechezem,jechezem,Sarpy,,2022/12/08 14:10:29+00,2022/12/08 14:01:22+00,,8288.60105799686
34,4112,180th St Trail,672.4968188,,,,,,,,,,,,,,,,Existing,,,gis,jechezem,Douglas,,2022/12/08 14:07:55+00,2017/05/15 20:34:44+00,,672.273612468283
35,3971,Keystone Trail,3824.65479803,,,,,,,,,,,,,,,,Existing,,,gis,jechezem,Douglas,,2022/12/08 14:07:55+00,2017/05/16 18:44:39+00,,3823.38909396651
36,8532,Glenn Cunningham Lake Trail,1257.48988696,,Concrete,,,,,,,,,,,,,,Existing,,,jechezem,jechezem,Douglas,,2022/12/08 14:07:55+00,2021/12/02 13:35:53+00,,1257.06581556888
37,3555, ,1461.30773007,10,Concrete, , , , , , , , , , , ,,,,,,GIS,jechezem,Sarpy,,2022/12/08 14:10:29+00,2017/04/01 01:10:23+00,,1460.83283785511
38,4008,Walnut Grove Park,1986.17945549,,,,,,,,,,,,,,,,Existing,,,gis,jechezem,Douglas,,2022/12/08 14:07:55+00,2017/05/15 19:09:50+00,,1985.52721774839
39,254,,1486.70053181,,,,,,,,,,,,,,,,Proposed,Multi-Use,,GIS,jechezem,Douglas,,2022/12/08 14:07:55+00,2014/12/22 20:53:21+00,,1486.2080725266
40,276,144th Street South,5556.82172015,,,,,,,,,,,,,,,,Proposed,Multi-Use,,GIS,jechezem,Douglas,,2022/12/08 14:07:55+00,2014/12/22 20:53:21+00,,5554.97721114265
41,3516,Marsh,1893.10643461,, , , , , , , , , , , , ,,,,,,GIS,jechezem,Sarpy,,2022/12/08 14:10:29+00,2017/04/01 01:10:23+00,,1892.49205829637
42,3909,Big Papio North,8945.20826486,,,,,,,,,,,,,,,,Proposed,,,gis,jechezem,Douglas,,2022/12/08 14:07:55+00,2017/05/15 18:18:07+00,,8942.18441286095
43,4085,Standing Bear Lake Trail,8330.79476886,,,,,,,,,,,,,,,,Existing,,,gis,jechezem,Douglas,,2022/12/08 14:07:55+00,2017/05/15 18:05:15+00,,8327.99599981986
44,3919,,1611.85893316,,,,,,,,,,,,,,,,Existing,,,gis,jechezem,Sarpy,,2022/12/08 14:10:29+00,2017/05/16 01:13:55+00,,1611.33911751122
45,56,Big Papio North,10484.8071727,,,,,,,,,,,,,,,,Existing,Multi-Use,,MLSCHONLAU,jechezem,Douglas,,2022/12/08 14:07:55+00,2014/12/04 22:33:40+00,,10481.3111922967
46,15,Cattail Creek,12471.59052995,,,,,,,,,,,,,,,,Existing,Multi-Use,,MLSCHONLAU,jechezem,Douglas,,2022/12/08 14:07:56+00,2014/12/04 22:33:40+00,,12467.5021879651
47,9,"""F"" St Trail",2616.07760227,,,,,,,,,,,,,,,,Existing,Multi-Use,,MLSCHONLAU,jechezem,Douglas,,2022/12/08 14:07:56+00,2014/12/04 22:33:40+00,,2615.21680993825
48,54,Greentree/Parkview,1999.70624605,,,,,,,,,,,,,,,,Existing,Multi-Use,,MLSCHONLAU,jechezem,Douglas,,2022/12/08 14:07:56+00,2014/12/04 22:33:40+00,,1999.03618256496
49,4533,Field Club Trail,1771.44801072,,,,,,,,,,,,,,,,Existing,,,jechezem,jechezem,Douglas,,2022/12/08 14:07:56+00,2020/05/13 15:25:13+00,,1770.8547321945
50,16,Coyote Run Park,2752.44991401,,,,,,,,,,,,,,,,Existing,Multi-Use,,MLSCHONLAU,jechezem,Douglas,,2022/12/08 14:07:56+00,2014/12/04 22:33:40+00,,2751.5507723388
51,3902,,37205.90131033,,,,,,,,,,,,,,,,Existing,,,gis,jechezem,Sarpy,,2022/12/08 14:10:29+00,2017/05/16 19:16:51+00,,37194.1349885912
52,4936,Flanagan Lake Trail,410.49358344,,,,,,,,,,,,,,,,Existing,,,jechezem,jechezem,Douglas,,2022/12/08 14:07:56+00,2020/05/13 15:31:13+00,,410.355802045376
53,3967,,130.50799568,,,,,,,,,,,,,,,,Proposed,,,gis,jechezem,,,2022/12/08 13:50:17+00,2017/05/15 21:08:08+00,,130.464366221269
54,3552, ,1322.66715333,10,Concrete, , , , , , , , , , , ,,,,,,GIS,jechezem,Sarpy,,2022/12/08 14:10:29+00,2017/04/01 01:10:23+00,,1322.24196048913
55,3938,Kiwanis Park Trail,1350.3852545,,,,,,,,,,,,,,,,Existing,,,gis,jechezem,Douglas,,2022/12/08 14:07:56+00,2017/05/16 02:08:56+00,,1349.93371523184
56,4014,Glenn Cunningham Lake Trail,1038.79286535,,,,,,,,,,,,,,,,Existing,,,gis,jechezem,Douglas,,2022/12/08 14:07:56+00,2017/05/16 02:18:02+00,,1038.44242411062
57,3500,Bladdernut,2799.07316776,, , , , , , , , , , , , ,,,,,,GIS,jechezem,Sarpy,,2022/12/08 14:10:29+00,2017/04/01 01:10:23+00,,2798.16542687114
58,77,Standing Bear - North,8671.06626576,,,,,,,,,,,,,,,,Existing,Multi-Use,,MLSCHONLAU,jechezem,Douglas,,2022/12/08 14:07:56+00,2014/12/04 22:33:40+00,,8668.14931542632
59,114,Willow Wood,3018.36288902,,,,,,,,,,,,,,,1,Existing,Park Trail,,MLSCHONLAU,jechezem,Douglas,,2022/12/08 14:07:56+00,2014/12/04 22:33:40+00,,3017.35607742208
60,158,144th Street South,215.62521539,,,,,Yes,,,,,,No,Easy,,,,Existing,Multi-Use,,jechezem,jechezem,Douglas,,2022/12/08 14:07:56+00,2022/12/08 14:01:24+00,,107.779122849783
61,4042,,616.89030475,,,,,,,,,,,,,,,,Proposed,,,gis,jechezem,Douglas,,2022/12/08 14:07:56+00,2017/05/15 21:00:50+00,,616.682979629159
62,4064,,429.97034858,,,,,,,,,,,,,,,,Existing,,,gis,jechezem,Sarpy,,2022/12/08 14:10:29+00,2017/05/16 01:22:31+00,,429.831402325615
63,4115,Pacific St Trail,6777.70751715,,,,,,,,,,,,,,,,Existing,,,gis,jechezem,Douglas,,2022/12/08 14:07:56+00,2017/05/15 19:07:16+00,,6775.46108923267
64,10133,Standing Bear West Park Trail,1942.39042719,,,,,,,,,,,,,,,,Existing,,,jechezem,jechezem,Douglas,,2022/12/08 14:07:56+00,2022/09/07 15:19:41+00,,1941.73824030445
65,47,Timber Creek,3952.67181781,,,,,,,,,,,,,,,,Existing,Multi-Use,,MLSCHONLAU,jechezem,Douglas,,2022/12/08 14:07:56+00,2014/12/04 22:33:40+00,,3951.37986552694
66,3934,,169.43663608,,,,,,,,,,,,,,,,Proposed,,,gis,jechezem,Douglas,,2022/12/08 14:07:56+00,2017/05/15 20:57:27+00,,169.380534943173
67,4937,Flanagan Lake Trail,552.77071125,,,,,,,,,,,,,,,,Existing,,,jechezem,jechezem,Douglas,,2022/12/08 14:07:56+00,2020/05/13 15:31:51+00,,552.585140524691
68,3908,,18125.58368027,,,,,,,,,,,,,,,,Existing,,,gis,jechezem,Sarpy,,2022/12/08 14:10:29+00,2017/05/16 19:19:49+00,,18120.3275493543
69,4057,,1196.30642128,,,,,,,,,,,,,,,,Proposed,,,gis,jechezem,Douglas,,2022/12/08 14:07:56+00,2017/05/15 21:37:21+00,,1195.90750540443
70,3996,West Papio North,953.80065713,,,,,,,,,,,,,,,,Existing,,,gis,jechezem,Douglas,,2022/12/08 14:07:56+00,2017/05/15 21:06:49+00,,953.482098319095
71,3936,Lake Zorinsky Trail,793.18675988,,,,,,,,,,,,,,,,Existing,,,gis,jechezem,Douglas,,2022/12/08 14:07:56+00,2017/05/15 19:37:59+00,,792.925333342058
72,,,58.58934804,,,,Yes,,,,,,,,,,,,Existing,,,jechezem,jechezem,,,2022/12/08 13:51:21+00,2022/12/06 15:55:38+00,,58.5707379436495
73,4116,Harvey Oaks,692.50143248,,,,,,,,,,,,,,,,Existing,,,gis,jechezem,Douglas,,2022/12/08 14:07:56+00,2017/05/15 18:40:13+00,,692.272266606018
74,4073,,1768.7919578,,,,,,,,,,,,,,,,Existing,,,gis,jechezem,Sarpy,,2022/12/08 14:10:29+00,2017/05/16 01:18:20+00,,1768.21848426753
75,4089,,5256.19501879,,,,,,,,,,,,,,,,Proposed,,,gis,jechezem,Douglas,,2022/12/08 14:07:56+00,2017/05/16 02:06:12+00,,5254.44304605102
76,4010,Lake Zorinsky Trail,43.80638584,,,,,,,,,,,,,,,,Existing,,,gis,jechezem,,,2022/12/08 13:50:32+00,2017/05/15 19:40:43+00,,43.7919751650753
77,3497,Hawthorn,2521.25433025,, , , , , , , , , , , , ,,,,,,GIS,jechezem,Sarpy,,2022/12/08 14:10:29+00,2017/04/01 01:10:23+00,,2520.43440082774
78,,,81.25273718,,,,Yes,,,,,,,,,,,,Existing,,,jechezem,jechezem,,,2022/12/08 13:51:20+00,2022/12/06 15:53:45+00,,81.2255572642296
79,3495,Hawthorn,2381.53430277,, , , , , , , , , , , , ,,,,,,GIS,jechezem,Sarpy,,2022/12/08 14:10:29+00,2017/04/01 01:10:23+00,,2380.75952678182
80,3922,,3967.70930642,,,,,,,,,,,,,,,,Proposed,,,gis,jechezem,Douglas,,2022/12/08 14:07:56+00,2017/05/15 19:03:58+00,,3966.39317039776
81,4067,Keystone Trail,296.43608759,,,,,,,,,,,,,,,,Existing,,,gis,jechezem,Douglas,,2022/12/08 14:07:56+00,2017/05/16 02:33:16+00,,296.33650489236
82,4003,Keystone Trail,8941.98745958,,,,,,,,,,,,,,,,Existing,,,gis,jechezem,Douglas,,2022/12/08 14:07:56+00,2017/05/16 18:48:18+00,,8939.03884999937
83,3891,Riverfront Trail,7481.83179936,,,,,,,,,,,,,,,,Existing,,,gis,jechezem,Douglas,,2022/12/08 14:07:56+00,2017/05/13 01:01:04+00,,7479.30007117235
84,3975,,3240.80694297,,,,,,,,,,,,,,,,Existing,,,gis,jechezem,Sarpy,,2022/12/08 14:10:29+00,2017/05/16 01:29:22+00,,3239.76395097021
85,,,2023.07014346,,,,Yes,,,,,,,,,,,,Existing,,,jechezem,jechezem,Douglas,,2022/12/08 14:07:56+00,2022/12/06 20:48:42+00,,2022.68249261184
86,3499,Indian,1753.35624051,, , , , , , , , , , , , ,,,,,,GIS,jechezem,Sarpy,,2022/12/08 14:10:29+00,2017/04/01 01:10:23+00,,1752.78762131213
87,158,144th Street South,1296.92517502,,,,,Yes,,,,,,No,Easy,,,,Existing,Multi-Use,,jechezem,jechezem,Douglas,,2022/12/08 14:07:56+00,2022/12/08 14:01:24+00,,1365.92982790121
88,3529,City of Bellevue Nature and History Trail,7191.7586335,,Gravel, , , , , , , , , , , ,2,2,,,,GIS,jechezem,Sarpy,,2022/12/08 14:10:29+00,2017/04/01 01:10:23+00,,7189.44139783881
89,3906,Glenn Cunningham Lake Trail,2069.62945148,,,,,,,,,,,,,,,,Existing,,,gis,jechezem,Douglas,,2022/12/08 14:07:56+00,2017/05/16 02:17:26+00,,2068.93107349716
90,55,Roanoke Estates,4616.31838288,,,,,,,,,,,,,,,,Existing,Multi-Use,,MLSCHONLAU,jechezem,Douglas,,2022/12/08 14:07:56+00,2014/12/04 22:33:40+00,,4614.77340459179
91,18,,8231.34982397,,,,,,,,,,,,,,,,Existing,Multi-Use,,MLSCHONLAU,jechezem,Sarpy,,2022/12/08 14:10:29+00,2014/12/04 22:33:40+00,,8228.66534389246
92,40,Linden Estates,9945.50634041,,,,,,,,,,,,,,,,Existing,Multi-Use,,MLSCHONLAU,jechezem,Douglas,,2022/12/08 14:07:56+00,2014/12/04 22:33:40+00,,9942.19616204949
93,3519,Hidden Lake,4244.38209431,, , , , , , , , , , , , ,,,,,,GIS,jechezem,Sarpy,,2022/12/08 14:10:29+00,2017/04/01 01:10:23+00,,4243.00908765669
94,1,Field Club Trail,8928.37248543,,,,,,,,,,,,,,,,Existing,Multi-Use,,MLSCHONLAU,jechezem,Douglas,,2022/12/08 14:07:56+00,2014/12/04 22:33:40+00,,8925.4187127694
95,4095,,5296.18698226,,,,,,,,,,,,,,,,Proposed,,,gis,jechezem,Douglas,,2022/12/08 14:07:56+00,2017/05/13 01:09:43+00,,5294.40644635933
96,4090,,2595.48274823,,,,,,,,,,,,,,,,Proposed,,,gis,jechezem,Douglas,,2022/12/08 14:07:56+00,2017/05/15 21:48:17+00,,2594.62808748559
97,3488,Ridge,1612.25637828,, , , , , , , , , , , , ,,,,,,GIS,jechezem,Sarpy,,2022/12/08 14:10:29+00,2017/04/01 01:10:23+00,,1611.73166486747
98,3517,Hidden Lake,2588.65522305,, , , , , , , , , , , , ,,,,,,GIS,jechezem,Sarpy,,2022/12/08 14:10:29+00,2017/04/01 01:10:23+00,,2587.81410731273
99,3553, ,1116.84955821,, , , , , , , , , , , , ,,,,,,GIS,jechezem,Sarpy,,2022/12/08 14:10:29+00,2017/04/01 01:10:23+00,,1116.49098437566
100,3522,Riverview Boardwalk,1009.666834,, , , , , , , , , , , , ,,,,,,GIS,jechezem,Sarpy,,2022/12/08 14:10:29+00,2017/04/01 01:10:23+00,,1009.33859545456
101,4082,,229.72647513,,,,,,,,,,,,,,,,Existing,,,gis,jechezem,,,2022/12/08 13:50:55+00,2017/05/16 01:17:34+00,,229.651905510047
102,50,Briar Hills Park,1756.94768449,,,,,,,,,,,,,,,,Existing,Multi-Use,,MLSCHONLAU,jechezem,Douglas,,2022/12/08 14:07:56+00,2014/12/04 22:33:40+00,,1756.36243564506
103,4024,Lake Zorinsky Trail,771.3207092,,,,,,,,,,,,,,,,Existing,,,gis,jechezem,Douglas,,2022/12/08 14:07:56+00,2017/05/15 19:40:24+00,,771.06781370749
104,3496,Chickadee,1727.30637246,, , , , , , , , , , , , ,,,,,,GIS,jechezem,Sarpy,,2022/12/08 14:10:29+00,2017/04/01 01:10:23+00,,1726.74498590517
105,10156,The Hill,464.08137383,,,Yes,No,No,No,No,No,No,No,No,Advanced,,,,Existing,Park Trail,,jechezem,jechezem,Douglas,,2022/12/08 14:07:56+00,2022/12/06 20:59:44+00,,463.923591617796
106,3972,144th Street North,23.14099608,,,,,,,,,,,,,,,,Existing,,,gis,jechezem,,,2022/12/08 13:50:19+00,2017/05/15 21:19:58+00,,23.1335332147705
107,3929,N Happy Hollow Blvd Trail,5068.37937152,,,,,,,,,,,,,,,,Existing,,,gis,jechezem,Douglas,,2022/12/08 14:07:56+00,2017/05/13 01:20:38+00,,5066.69077335102
108,52,Harvey Oaks,4881.69019989,,,,,,,,,,,,,,,,Existing,Multi-Use,,MLSCHONLAU,jechezem,Douglas,,2022/12/08 14:07:56+00,2014/12/04 22:33:40+00,,4880.07765692259
109,4535,Flanagan Lake Trail,233.338893,,,,,,,,,,,,,,,,Existing,,,jechezem,jechezem,Douglas,,2022/12/08 14:07:56+00,2020/05/13 15:32:14+00,,233.260182729407
110,,,76.30092049,,,,Yes,,,,,,,,,,,,Existing,,,jechezem,jechezem,Douglas,,2022/12/08 14:07:56+00,2022/12/06 15:54:49+00,,76.2704007013278
111,3917,Keystone Trail,2611.44542628,,,,,,,,,,,,,,,,Existing,,,gis,jechezem,Douglas,,2022/12/08 14:07:56+00,2017/05/16 18:43:27+00,,2610.5795287985
112,66,Heartland of America Park,9919.80737923,,,,,,,,,,,,,,,,Existing,Multi-Use,,MLSCHONLAU,jechezem,Douglas,,2022/12/08 14:07:56+00,2014/12/04 22:33:40+00,,9916.51387885777
113,3991,Lawrence Youngman Lake Park Trail,903.31776931,,,,,,,,,,,,,,,,Existing,,,gis,jechezem,Douglas,,2022/12/08 14:07:56+00,2017/05/15 20:24:53+00,,903.016866936342
114,12,Roxbury/Brookhaven Park,11156.18145618,,,,,,,,,,,,,,,,Existing,Multi-Use,,MLSCHONLAU,jechezem,Douglas,,2022/12/08 14:07:56+00,2014/12/04 22:33:40+00,,11152.5339836186
115,4043,,3174.55655437,,,,,,,,,,,,,,,,Proposed,,,gis,jechezem,Douglas,,2022/12/08 14:07:56+00,2017/05/15 18:37:50+00,,3173.50317254165
116,4101,Keystone Trail,637.33078541,,,,,,,,,,,,,,,,Existing,,,gis,jechezem,Douglas,,2022/12/08 14:07:56+00,2017/05/16 18:39:18+00,,637.119491713109
117,4534,West Papio North,222.82214805,,,,,,,,,,,,,,,,Existing,,,jechezem,jechezem,Douglas,,2022/12/08 14:07:56+00,2020/05/13 15:26:09+00,,222.747111939686
118,75,Millard Highlands,3170.0786365,,,,,,,,,,,,,,,,Existing,Multi-Use,,MLSCHONLAU,jechezem,Douglas,,2022/12/08 14:07:56+00,2014/12/04 22:33:40+00,,3169.04191975367
119,12932,,309.41087242,,,Yes,No,No,No,No,No,No,No,No,Easy,,,,Existing,Park Trail,,jechezem,jechezem,Douglas,,2022/12/08 14:07:56+00,2022/12/06 20:59:45+00,,309.316312142817
120,3926,One Pacific Place Park Trail,125.91945724,,,,,,,,,,,,,,,,Existing,,,gis,jechezem,,,2022/12/08 13:49:59+00,2017/05/15 18:27:18+00,,125.877799006884
121,3935,,2156.8413112,,,,,,,,,,,,,,,,Proposed,,,gis,jechezem,Douglas,,2022/12/08 14:07:56+00,2017/05/16 00:31:50+00,,2156.1202766135
122,,,73.72614085,,,,Yes,,,,,,,,,,,,Existing,,,jechezem,jechezem,,,2022/12/08 13:51:29+00,2022/12/06 15:54:15+00,,73.7018265922757
123,4081,Mission Park West,1240.81221128,,,,,,,,,,,,,,,,Existing,,,gis,jechezem,Douglas,,2022/12/08 14:07:56+00,2017/05/15 20:49:32+00,,1240.40739661804
124,3949,Westin Hills Park Trail,5271.24436494,,,,,,,,,,,,,,,,Existing,,,gis,jechezem,Douglas,,2022/12/08 14:07:56+00,2017/05/15 21:19:25+00,,5269.47929225111
125,3954,144th Street North,479.91412565,,,,,,,,,,,,,,,,Existing,,,gis,jechezem,Douglas,,2022/12/08 14:07:56+00,2017/05/15 18:07:05+00,,479.752613659389
126,244,Military Rd Trail,2276.17586527,,,,,,,,,,,,,,,,Proposed,Multi-Use,,GIS,jechezem,Douglas,,2022/12/08 14:07:56+00,2014/12/22 20:53:21+00,,2275.41182418944
127,4058,,373.29902833,,,,,,,,,,,,,,,,Existing,,,gis,jechezem,Sarpy,,2022/12/08 14:10:29+00,2017/05/16 01:26:53+00,,373.178074827193
128,3489,Linden,1774.17815543,, , , , , , , , , , , , ,,,,,,GIS,jechezem,Sarpy,,2022/12/08 14:10:29+00,2017/04/01 01:10:23+00,,1773.60058653286
129,3528,MoPac Trail - PMRNRD,85269.64887218,, , , , , , , , , , , , ,,,,,,GIS,jechezem,Sarpy,,2022/12/08 14:10:29+00,2017/04/01 01:10:23+00,,85243.0804612416
130,4935,West Papio North,1316.43734956,,,,,,,,,,,,,,,,Existing,,,jechezem,jechezem,Douglas,,2022/12/08 14:07:56+00,2020/05/13 15:28:19+00,,1315.99678582739
131,4005,Mission Park West,284.20031741,,,,,,,,,,,,,,,,Existing,,,gis,jechezem,Douglas,,2022/12/08 14:07:56+00,2017/05/15 20:51:56+00,,284.108023782116
132,3523,Riverview Boardwalk,1640.95434663,, , , , , , , , , , , , ,,,,,,GIS,jechezem,Sarpy,,2022/12/08 14:10:29+00,2017/04/01 01:10:23+00,,1640.41946348633
133,13743,Riverfront Trail,7690.6432823,,,,,,,,,,,,,,,,Existing,,,jechezem,jechezem,Douglas,,2022/12/08 14:07:56+00,2022/12/08 14:04:00+00,,7688.03515058584
134,10149,Big Bluff's Trail,754.05822193,,,Yes,No,No,No,No,No,No,No,No,Intermediate,,,,Existing,Park Trail,,jechezem,jechezem,Douglas,,2022/12/08 14:07:56+00,2022/12/06 20:59:39+00,,753.808342151542
135,45,Meadow Lane,6140.47164563,,,,,,,,,,,,,,,,Existing,Multi-Use,,MLSCHONLAU,jechezem,Douglas,,2022/12/08 14:07:56+00,2014/12/04 22:33:40+00,,6142.80944765753
136,3962,,5321.33657417,,,,,,,,,,,,,,,,Existing,,,gis,jechezem,Sarpy,,2022/12/08 14:10:29+00,2017/05/16 00:46:48+00,,5319.61057665857
137,3965,Lake Zorinsky Trail,11236.5127648,,,,,,,,,,,,,,,,Existing,,,gis,jechezem,Douglas,,2022/12/08 14:07:56+00,2017/05/15 19:34:43+00,,11232.8138032675
138,16,,1220.30385028,,,,,,,,,,,,,,,,,,,jechezem,jechezem,Douglas,,2022/12/08 14:07:56+00,2022/12/06 20:59:42+00,,1219.89248179754
139,3983,,5114.33355513,,,,,,,,,,,,,,,,Existing,,,gis,jechezem,Sarpy,,2022/12/08 14:10:29+00,2017/05/16 01:25:27+00,,5112.6805905404
140,6,144th Street North,26345.21470174,,,,,,,,,,,,,,,,Existing,Multi-Use,,MLSCHONLAU,jechezem,Douglas,,2022/12/08 14:07:57+00,2014/12/04 22:33:40+00,,26336.4101149813
141,,,3152.6392589,,,,Yes,,,,,,,,,,,,Existing,,,jechezem,jechezem,Douglas,,2022/12/08 14:07:57+00,2022/12/06 20:39:30+00,,3152.26797728474
142,3538, ,1258.57716731,10,Concrete, , , , , , , , , , , ,,,,,,GIS,jechezem,Sarpy,,2022/12/08 14:10:29+00,2017/04/01 01:10:23+00,,1258.1675354092
143,4087,Riverfront Trail,5627.18435848,,,,,,,,,,,,,,,,Proposed,,,gis,jechezem,Douglas,,2022/12/08 14:07:57+00,2017/05/13 00:33:05+00,,5625.30752414106
144,222,156th St - W Papio Connector,1302.40869814,,,,,,,,,,,,,,,,Proposed,Multi-Use,,GIS,jechezem,Douglas,,2022/12/08 14:07:57+00,2014/12/22 20:53:21+00,,1301.9727026342
145,158,144th Street South,122.27050329,,,,,,,,,,,,,,,,Existing,Multi-Use,,jechezem,jechezem,,,2022/12/08 14:03:05+00,2022/12/08 14:01:23+00,,122.23044810538
146,4028,Lake Zorinsky Trail,1895.84770445,,,,,,,,,,,,,,,,Existing,,,gis,jechezem,Douglas,,2022/12/08 14:07:57+00,2017/05/15 19:46:55+00,,1895.22354020839
147,3539, ,143.9763983,, , , , , , , , , , , , ,,,,,,GIS,jechezem,Sarpy,,2022/12/08 14:10:30+00,2017/04/01 01:10:23+00,,143.929834927039
148,158,144th Street South,5587.99947106,,,,,,,,,,,,,,,,Existing,Multi-Use,,jechezem,jechezem,Douglas,,2022/12/08 14:07:57+00,2022/12/08 14:01:23+00,,5586.15667227066
149,7,Walnut Creek,16658.27537468,,,,,,,,,,,,,,,,Existing,Multi-Use,,MLSCHONLAU,jechezem,Sarpy,,2022/12/08 14:10:30+00,2014/12/04 22:33:40+00,,16652.9259522247
150,8,Lake Zorinsky Connector,4118.67965408,,,,,,,,,,,,,,,,Existing,Multi-Use,,MLSCHONLAU,jechezem,Douglas,,2022/12/08 14:07:57+00,2014/12/04 22:33:40+00,,4117.32315045579
151,3513,Cottonwood,1747.62669251,, , , , , , , , , , , , ,,,,,,GIS,jechezem,Sarpy,,2022/12/08 14:10:30+00,2017/04/01 01:10:23+00,,1747.05886619479
152,3514,Fontanelle Forest - Unnamed,663.51100255,, , , , , , , , , , , , ,,,,,,GIS,jechezem,Sarpy,,2022/12/08 14:10:30+00,2017/04/01 01:10:23+00,,663.295806760222
153,4007,,1135.49471038,,,,,,,,,,,,,,,,Proposed,,,gis,jechezem,Douglas,,2022/12/08 14:07:57+00,2017/05/16 02:30:36+00,,1135.11157714542
154,3533, ,1003.6308073,, , , , , , , , , , , , ,,,,,,GIS,jechezem,Sarpy,,2022/12/08 14:10:30+00,2017/04/01 01:10:23+00,,1003.31324882277
155,10152,Old Hummel Cup Trail,1556.00783559,,,Yes,No,No,No,No,No,No,No,No,Intermediate,,,,Existing,Park Trail,,jechezem,jechezem,Douglas,,2022/12/08 14:07:57+00,2022/12/06 20:59:41+00,,1555.50564600001
156,4037,Lawrence Youngman Lake Park Trail,247.53674614,,,,,,,,,,,,,,,,Existing,,,gis,jechezem,,,2022/12/08 13:50:40+00,2017/05/15 20:28:37+00,,247.454644953288
157,242,,2463.57294854,,,,,,,,,,,,,,,,Proposed,Multi-Use,,GIS,jechezem,Douglas,,2022/12/08 14:07:57+00,2014/12/22 20:53:21+00,,2462.74515057316
158,159,Westin Hills Park Trail,6682.62381562,,,,,,,,,,,,,,,,Existing,Multi-Use,,MLSCHONLAU,jechezem,Douglas,,2022/12/08 14:07:57+00,2014/12/04 22:33:40+00,,6680.38375087534
159,4091,Mission Park West,258.30248169,,,,,,,,,,,,,,,,Existing,,,gis,jechezem,Douglas,,2022/12/08 14:07:57+00,2017/05/15 20:51:03+00,,258.218090801621
160,10158,Fur Trader Road,718.89386494,,,Yes,No,No,No,No,No,No,No,No,Easy,,,,Existing,Park Trail,,jechezem,jechezem,Douglas,,2022/12/08 14:07:57+00,2022/12/06 20:59:45+00,,718.650790466871
161,4000,156th St Trail,3326.39170397,,,,,,,,,,,,,,,,Existing,,,gis,jechezem,Douglas,,2022/12/08 14:07:57+00,2017/05/15 21:10:20+00,,3325.27888380278
162,41,Happy Hollow Blvd,3634.78891742,,,,,,,,,,,,,,,,Existing,Multi-Use,,MLSCHONLAU,jechezem,Douglas,,2022/12/08 14:07:57+00,2014/12/04 22:33:40+00,,3633.58117154562
163,4120,Lake Zorinsky Trail,73.07197448,,,,,,,,,,,,,,,,Existing,,,gis,jechezem,,,2022/12/08 13:51:08+00,2017/05/15 20:09:55+00,,73.0480147067282
164,3957,,1010.25435766,,,,,,,,,,,,,,,,Existing,,,gis,jechezem,Sarpy,,2022/12/08 14:10:30+00,2017/05/16 01:32:09+00,,1009.92859250983
165,3524,Riverview Boardwalk,1842.38508416,, , , , , , , , , , , , ,,,,,,GIS,jechezem,Sarpy,,2022/12/08 14:10:30+00,2017/04/01 01:10:23+00,,1841.78553443981
166,38,Oakmont-West Bay Springs,9889.1808161,,,,,,,,,,,,,,,,Existing,Multi-Use,,MLSCHONLAU,jechezem,Douglas,,2022/12/08 14:07:57+00,2014/12/04 22:33:40+00,,9885.92393806323
167,3904,,10469.110178,,,,,,,,,,,,,,,,Proposed,,,gis,jechezem,Douglas,,2022/12/08 14:07:57+00,2017/05/15 21:29:38+00,,10465.6190269118
168,60,West Papio South,4604.64219005,,,,,,,,,,,,,,,,Existing,Multi-Use,,MLSCHONLAU,jechezem,Douglas,,2022/12/08 14:07:57+00,2014/12/04 22:33:40+00,,4603.13067970744
169,4111,,27078.35499363,,,,,,,,,,,,,,,,Proposed,,,gis,jechezem,Douglas,,2022/12/08 14:07:57+00,2017/05/16 00:14:07+00,,27069.1928104048
170,3940,Lake Zorinsky Trail,1276.68667619,,,,,,,,,,,,,,,,Existing,,,gis,jechezem,Douglas,,2022/12/08 14:07:57+00,2017/05/15 20:18:03+00,,1276.26594820321
171,4046,,1211.64449063,,,,,,,,,,,,,,,,Proposed,,,gis,jechezem,Douglas,,2022/12/08 14:07:57+00,2017/05/15 20:38:22+00,,1211.24269905323
172,33,Glenn Cunningham Lake Trail,21622.47862059,,,,,,,,,,,,,,,,Existing,Multi-Use,,MLSCHONLAU,jechezem,Douglas,,2022/12/08 14:07:57+00,2014/12/04 22:33:40+00,,21615.1738134465
173,3509,Missouri,4514.86503283,, , , , , , , , , , , , ,,,,,,GIS,jechezem,Sarpy,,2022/12/08 14:10:30+00,2017/04/01 01:10:23+00,,4513.39477452183
174,3502,Signal Ridge,4834.53789085,, , , , , , , , , , , , ,,,,,,GIS,jechezem,Sarpy,,2022/12/08 14:10:30+00,2017/04/01 01:10:23+00,,4832.97006408447
175,3512,Handsome Hollow,2713.9881461,, , , , , , , , , , , , ,,,,,,GIS,jechezem,Sarpy,,2022/12/08 14:10:30+00,2017/04/01 01:10:23+00,,2713.10573943506
176,49,Parkside Park,7043.04619691,,,,,,,,,,,,,,,,Existing,Multi-Use,,MLSCHONLAU,jechezem,Douglas,,2022/12/08 14:07:57+00,2014/12/04 22:33:40+00,,7040.71442232049
177,3985,Keystone Trail,364.88134276,,,,,,,,,,,,,,,,Existing,,,gis,jechezem,Douglas,,2022/12/08 14:07:57+00,2017/05/16 02:32:44+00,,364.758334111632
178,29,Lamp Park,4335.70921564,,,,,,,,,,,,,,,,Existing,Multi-Use,,MLSCHONLAU,jechezem,Douglas,,2022/12/08 14:07:57+00,2014/12/04 22:33:40+00,,4334.26980126704
179,3900,,9072.7403119,,,,,,,,,,,,,,,,Proposed,,,gis,jechezem,Douglas,,2022/12/08 14:07:57+00,2017/05/15 20:43:46+00,,9069.73377904361
180,11735,Ridgeline Trail,892.51485335,,,Yes,No,No,No,No,No,No,No,No,Advanced,,,,Existing,Park Trail,,jechezem,jechezem,Douglas,,2022/12/08 14:07:57+00,2022/12/06 20:59:39+00,,892.212132913324
181,3892,144th Street North,767.43244525,,,,,,,,,,,,,,,,Existing,,,gis,jechezem,Douglas,,2022/12/08 14:07:57+00,2017/05/15 21:00:23+00,,767.17453682327
182,3890,,5264.36519857,,,,,,,,,,,,,,,,Existing,,,gis,jechezem,Sarpy,,2022/12/08 14:10:30+00,2017/05/16 01:44:11+00,,5262.68302555389
183,4026,Mission Park West,605.23997302,,,,,,,,,,,,,,,,Existing,,,gis,jechezem,Douglas,,2022/12/08 14:07:57+00,2017/05/15 20:53:01+00,,605.042286161467
184,228,Black Elk,711.13112748,,,,,,,,,,,,,,,,Proposed,Multi-Use,,GIS,jechezem,Douglas,,2022/12/08 14:07:57+00,2014/12/22 20:53:21+00,,710.898795846862
185,32,Keystone Trail,2570.14984089,,,,,,,,,,,,,,,,Existing,Multi-Use,,MLSCHONLAU,jechezem,Douglas,,2022/12/08 14:07:57+00,2014/12/04 22:33:40+00,,2569.28461327181
186,4069,Lake Zorinsky Trail,1825.2189737,,,,,,,,,,,,,,,,Existing,,,gis,jechezem,Douglas,,2022/12/08 14:07:57+00,2017/05/15 19:48:28+00,,1824.61932991314
187,3924,Keystone Trail,2315.86484866,,,,,,,,,,,,,,,,Proposed,,,gis,jechezem,Douglas,,2022/12/08 14:07:57+00,2017/05/13 02:40:54+00,,2315.08749214942
188,42,Ralston ,9623.23764353,,,,,,,,,,,,,,,,Existing,Multi-Use,,MLSCHONLAU,jechezem,Douglas,,2022/12/08 14:07:57+00,2014/12/04 22:33:40+00,,9620.08828163376
189,36,180th Street North,2082.83561839,,,,,,,,,,,,,,,,Existing,Multi-Use,,MLSCHONLAU,jechezem,Douglas,,2022/12/08 14:07:57+00,2014/12/04 22:33:40+00,,2082.14223782262
190,7332,,721.1847007,,,,,,,,,,,,,,,,Proposed,,,jechezem,jechezem,Douglas,,2022/12/08 14:07:57+00,2021/08/26 12:13:07+00,,721.091470024576
191,3914,,1483.39128392,,,,,,,,,,,,,,,,Existing,,,gis,jechezem,Sarpy,,2022/12/08 14:10:30+00,2017/05/16 01:06:32+00,,1482.9123338058
192,30,Military Rd Trail,12556.5445373,,,,,,,,,,,,,,,,Existing,Multi-Use,,MLSCHONLAU,jechezem,Douglas,,2022/12/08 14:07:57+00,2014/12/04 22:33:40+00,,12552.3265685788
193,70,Spring Lake,3238.94894127,,,,,,,,,,,,,,,,Existing,Multi-Use,,MLSCHONLAU,jechezem,Douglas,,2022/12/08 14:07:57+00,2014/12/04 22:33:40+00,,3237.88349828455
194,4052,Blondo St. Trail,8757.76197422,,,,,,,,,,,,,,,,Existing,,,gis,jechezem,Douglas,,2022/12/08 14:07:57+00,2017/05/15 21:34:13+00,,8754.84064905684
195,4029,West Papio Creek Trail,7622.68699605,,,,,,,,,,,,,,,,Existing,,,gis,jechezem,Sarpy,,2022/12/08 14:10:30+00,2017/05/16 00:40:30+00,,7620.20461109445
196,4012,Westin Hills Park Trail,1162.56529,,,,,,,,,,,,,,,,Existing,,,gis,jechezem,Douglas,,2022/12/08 14:07:57+00,2017/05/15 21:12:57+00,,1162.17538488165
197,6132,Burt St Trail,1044.53721212,,,,,,,,,,,,,,,,Existing,Multi-Use,,jechezem,jechezem,Douglas,,2022/12/08 14:07:57+00,2020/05/15 17:28:30+00,,1044.18993631737
198,3964,Lake Zorinsky Trail,643.59274373,,,,,,,,,,,,,,,,Existing,,,gis,jechezem,Douglas,,2022/12/08 14:07:57+00,2017/05/15 19:17:50+00,,643.381241244741
199,4536,Flanagan Lake Connector Trail,727.67440686,,,,,,,,,,,,,,,,Existing,,,jechezem,jechezem,Douglas,,2022/12/08 14:07:57+00,2020/05/13 15:39:49+00,,727.430115237175
200,3506,Prairie,2060.5538489,, , , , , , , , , , , , ,,,,,,GIS,jechezem,Sarpy,,2022/12/08 14:10:30+00,2017/04/01 01:10:23+00,,2059.88589485334
201,5,Elmwood South,8090.1969516,,,,,,,,,,,,,,,,Existing,Multi-Use,,MLSCHONLAU,jechezem,Douglas,,2022/12/08 14:07:57+00,2014/12/04 22:33:40+00,,8087.5138676252
202,4022,,3002.89438434,,,,,,,,,,,,,,,,Existing,,,gis,jechezem,Sarpy,,2022/12/08 14:10:30+00,2017/05/16 01:46:12+00,,3001.93372706642
203,3933,,1005.51029122,,,,,,,,,,,,,,,,Proposed,,,gis,jechezem,Douglas,,2022/12/08 14:07:57+00,2017/05/15 19:01:58+00,,1005.17682069594
204,4059,,1694.92431292,,,,,,,,,,,,,,,,Proposed,,,gis,jechezem,Douglas,,2022/12/08 14:07:57+00,2017/05/16 02:31:20+00,,1694.35313566082
205,4027,,224.55967853,,,,,,,,,,,,,,,,Proposed,,,gis,jechezem,Douglas,,2022/12/08 14:07:57+00,2017/05/15 21:04:52+00,,224.484490865506
206,247,,5577.62828721,,,,,,,,,,,,,,,,Proposed,Multi-Use,,GIS,jechezem,Douglas,,2022/12/08 14:07:57+00,2014/12/22 20:53:21+00,,5575.76798504774
207,3956,,3146.5877533,,,,,,,,,,,,,,,,Existing,,,gis,jechezem,Sarpy,,2022/12/08 14:10:30+00,2017/05/16 01:48:15+00,,3145.58063044586
208,,,106.63839049,,,,Yes,,,,,,,,,,,,Existing,,,jechezem,jechezem,,,2022/12/08 13:51:21+00,2022/12/06 15:56:09+00,,106.603388296822
209,4079,Glenn Cunningham Lake Trail,58.29596627,,,,,,,,,,,,,,,,Existing,,,gis,jechezem,,,2022/12/08 13:50:54+00,2017/05/16 02:32:02+00,,58.2765009825166
210,3896,,432.24598644,,,,,,,,,,,,,,,,Proposed,,,gis,jechezem,Douglas,,2022/12/08 14:07:57+00,2017/05/15 18:12:18+00,,432.100973334427
211,72,180th Street South,18527.32973773,,,,,,,,,,,,,,,,Proposed,Multi-Use,,MLSCHONLAU,jechezem,Douglas,,2022/12/08 14:07:57+00,2014/12/04 22:33:40+00,,18521.2330915554
212,4097,,368.90589209,,,,,,,,,,,,,,,,Proposed,,,gis,jechezem,Douglas,,2022/12/08 14:07:57+00,2017/05/15 21:01:03+00,,368.781695511839
213,22,156th-West Papio Connector,4417.50808492,,,,,,,,,,,,,,,,Existing,Multi-Use,,MLSCHONLAU,jechezem,Douglas,,2022/12/08 14:07:57+00,2014/12/04 22:33:40+00,,4416.03190485932
214,3920,,1762.41841419,,,,,,,,,,,,,,,,Existing,,,gis,jechezem,Sarpy,,2022/12/08 14:10:30+00,2017/05/16 01:49:39+00,,1761.85385279023
215,158,144th Street South,2678.21874687,,,,,Yes,,,,,,No,Easy,,,,Existing,Multi-Use,,jechezem,jechezem,Douglas,,2022/12/08 14:07:57+00,2022/12/08 14:01:25+00,,2614.41984178555
216,4934,West Papio North,128.8806002,,,,,,,,,,,,,,,,Existing,,,jechezem,jechezem,,,2022/12/08 13:51:13+00,2020/05/13 15:26:48+00,,128.837097536634
217,4108,Riverfront Trail,21437.62309109,,,,,,,,,,,,,,,,Proposed,,,gis,jechezem,Douglas,,2022/12/08 14:07:57+00,2017/05/13 01:46:18+00,,21430.5402593482
218,2,Wehrspann Lake,34957.21598715,,,,,,,,,,,,,,,,Existing,Multi-Use,,MLSCHONLAU,jechezem,Sarpy,,2022/12/08 14:10:30+00,2014/12/04 22:33:40+00,,34945.9017014902
219,4105,,423.78626615,,,,,,,,,,,,,,,,Existing,,,gis,jechezem,Sarpy,,2022/12/08 14:10:30+00,2017/05/16 00:50:01+00,,423.649980047458
220,3960,Lake Zorinsky Trail,389.39509942,,,,,,,,,,,,,,,,Existing,,,gis,jechezem,Douglas,,2022/12/08 14:07:57+00,2017/05/15 19:20:13+00,,389.267152721128
221,4051,Mission Park West,40.22270661,,,,,,,,,,,,,,,,Existing,,,gis,jechezem,Douglas,,2022/12/08 14:07:57+00,2017/05/15 20:53:22+00,,40.2093985051938
222,4093,Mission Park West,272.31552549,,,,,,,,,,,,,,,,Existing,,,gis,jechezem,Douglas,,2022/12/08 14:07:57+00,2017/05/15 20:50:13+00,,272.226430869147
223,4121,180th St Trail,967.08811262,,,,,,,,,,,,,,,,Existing,,,gis,jechezem,Douglas,,2022/12/08 14:07:57+00,2017/05/15 20:34:05+00,,966.767324670908
224,3886,,3467.98479874,,,,,,,,,,,,,,,,Existing,,,gis,jechezem,Sarpy,,2022/12/08 14:10:30+00,2017/05/16 01:20:19+00,,3466.86748680235
225,4104,,15930.97061843,,,,,,,,,,,,,,,,Proposed,,,gis,jechezem,Douglas,,2022/12/08 14:07:57+00,2017/05/16 00:30:23+00,,15925.6311904007
226,3541, ,206.37078924,, , , , , , , , , , , , ,,,,,,GIS,jechezem,Sarpy,,2022/12/08 14:10:30+00,2017/04/01 01:10:23+00,,206.304674083978
227,11736,Lions Den Trail,671.92068369,,,Yes,No,No,No,No,No,No,No,No,Easy,,,,Existing,Park Trail,,jechezem,jechezem,Douglas,,2022/12/08 14:07:57+00,2022/12/06 20:59:40+00,,671.693328890473
228,10150,Big Bluff's Trail,1047.58062579,,,Yes,No,No,No,No,No,No,No,No,Easy,,,,Existing,Park Trail,,jechezem,jechezem,Douglas,,2022/12/08 14:07:57+00,2022/12/06 20:59:40+00,,1047.23256323777
229,4084,Big Papio North,14147.09204488,,,,,,,,,,,,,,,,Proposed,,,gis,jechezem,Douglas,,2022/12/08 14:07:57+00,2017/05/15 18:16:15+00,,14142.3263243383
230,4941,Flanagan Lake Connector Trail,1346.86453804,,,,,,,,,,,,,,,,Existing,,,jechezem,jechezem,Douglas,,2022/12/08 14:07:57+00,2020/05/13 15:41:29+00,,1346.41154454679
231,3550, ,117.2777872,, , , , , , , , , , , , ,,,,,,GIS,jechezem,Sarpy,,2022/12/08 14:10:30+00,2017/04/01 01:10:23+00,,117.239311170405
232,221,West Papio North,349.17243897,,,,,,,,,,,,,,,,Proposed,Multi-Use,,jechezem,jechezem,Douglas,,2022/12/08 14:07:58+00,2020/05/13 15:18:25+00,,349.055063673295
233,65,Bob Kerrey Bridge,2788.41648088,,,,,,,,,,,,,,,,Existing,Multi-Use,,MLSCHONLAU,jechezem,Douglas,,2022/12/08 14:07:58+00,2014/12/04 22:33:40+00,,2787.48898563868
234,3978,,559.8886029,,,,,,,,,,,,,,,,Existing,,,gis,jechezem,Sarpy,,2022/12/08 14:10:30+00,2017/05/16 01:25:55+00,,559.707579588429
235,9332,Sorensen Parkway,2510.53376095,,,,,,,,,,,,,,,,Proposed,,,jechezem,jechezem,Douglas,,2022/12/08 14:07:58+00,2022/04/15 14:50:30+00,,2509.78290379724
236,3981,,605.36892287,,,,,,,,,,,,,,,,Existing,,,gis,jechezem,Sarpy,,2022/12/08 14:10:30+00,2017/05/16 01:41:15+00,,605.174934649361
237,35,Crosskey Villages Park Trail,161.48477891,,,,,,,,,,,,,,,,Existing,Multi-Use,,MLSCHONLAU,jechezem,Douglas,,2022/12/08 14:07:58+00,2014/12/04 22:33:40+00,,161.430603308192
238,235,Big Papio North,1522.59351031,,,,,,,,,,,,,,,,Proposed,Multi-Use,,GIS,jechezem,Douglas,,2022/12/08 14:07:58+00,2014/12/22 20:53:21+00,,1522.08396428307
239,90,Lakeside Hills,8872.13557036,,,,,,,,,,,,,,,,Existing,Multi-Use,,MLSCHONLAU,jechezem,Douglas,,2022/12/08 14:07:58+00,2014/12/04 22:33:40+00,,8869.20263837862
240,4001,Walnut Grove Park,3091.55804466,,,,,,,,,,,,,,,,Existing,,,gis,jechezem,Douglas,,2022/12/08 14:07:58+00,2017/05/15 18:45:21+00,,3090.54394224689
241,3,Keystone Trail,19288.22806558,,,,,,,,,,,,,,,,Existing,Multi-Use,,MLSCHONLAU,jechezem,Douglas,,2022/12/08 14:07:58+00,2014/12/04 22:33:40+00,,19281.7892811654
242,3927,,1599.78297466,,,,,,,,,,,,,,,,Proposed,,,gis,jechezem,Douglas,,2022/12/08 14:07:58+00,2017/05/13 01:23:12+00,,1599.25261805038
243,4076,Big Papio South,43.09162439,,,,,,,,,,,,,,,,Existing,,,gis,jechezem,,,2022/12/08 13:50:53+00,2017/05/15 18:30:12+00,,43.0772868870137
244,88,West Papio North,14711.6124072,,,,,,,,,,,,,,,,Existing,Multi-Use,,MLSCHONLAU,jechezem,Douglas,,2022/12/08 14:07:58+00,2014/12/04 22:33:40+00,,14706.7068515749
245,4526,Mission Park,1110.59611192,,,,,,,,,,,,,,,,Existing,Multi-Use,,JECHEZEM,jechezem,Douglas,,2022/12/08 14:07:58+00,2019/03/19 20:02:45+00,,1110.23288306511
246,3907,,477.69018752,,,,,,,,,,,,,,,,Proposed,,,gis,jechezem,Douglas,,2022/12/08 14:07:58+00,2017/05/13 03:01:22+00,,477.529774861741
247,4013,,1172.45935979,,,,,,,,,,,,,,,,Existing,,,gis,jechezem,Sarpy,,2022/12/08 14:10:30+00,2017/05/16 01:07:54+00,,1172.08140113495
248,160,West Papio South,1656.06095578,,,,,,,,,,,,,,,,Existing,Multi-Use,,MLSCHONLAU,jechezem,Douglas,,2022/12/08 14:07:58+00,2014/12/04 22:33:40+00,,1655.51614405539
249,10532,Saddlebrook Park Trail,772.50591249,,,,,,,,,,,,,,,,Existing,Multi-Use,,jechezem,jechezem,Douglas,,2022/12/08 14:07:58+00,2022/09/07 15:07:26+00,,772.246333426755
250,4117,S 13th St Trail,2112.9522605,,,,,,,,,,,,,,,,Existing,,,gis,jechezem,Douglas,,2022/12/08 14:07:58+00,2017/05/13 01:59:16+00,,2112.2586518381
251,3531, ,888.42812107,, , , , , , , , , , , , ,,,,,,GIS,jechezem,Sarpy,,2022/12/08 14:10:30+00,2017/04/01 01:10:23+00,,888.145991569467
252,3530,American Heros Park Lake Trail,3159.753277,, , , , , , , , , , , , ,2,2,,,,GIS,jechezem,Sarpy,,2022/12/08 14:10:30+00,2017/04/01 01:10:23+00,,3158.73875787227
253,3932,,394.67643377,,,,,,,,,,,,,,,,Existing,,,gis,jechezem,Sarpy,,2022/12/08 14:10:30+00,2017/05/16 19:00:13+00,,394.54923471092
254,3511,Cottonwood,3288.62941462,, , , , , , , , , , , , ,,,,,,GIS,jechezem,Sarpy,,2022/12/08 14:10:30+00,2017/04/01 01:10:23+00,,3287.56001490159
255,76,Bennington Lake,32677.33330649,,,,,,,,,,,,,,,,Existing,Multi-Use,,MLSCHONLAU,jechezem,Douglas,,2022/12/08 14:07:58+00,2014/12/04 22:33:40+00,,32666.268823624
256,10154,Fur Trader Road,466.89666218,,,Yes,No,No,No,No,No,No,No,No,Intermediate,,,,Existing,Park Trail,,jechezem,jechezem,Douglas,,2022/12/08 13:51:26+00,2022/12/06 20:59:43+00,,466.753002842289
257,3543, ,116.72575886,, , , , , , , , , , , , ,,,,,,GIS,jechezem,Sarpy,,2022/12/08 14:10:30+00,2017/04/01 01:10:23+00,,116.688180315707
258,220,Military Rd,16931.76618728,,,,,,,,,,,,,,,,Proposed,Multi-Use,,GIS,jechezem,Douglas,,2022/12/08 14:07:58+00,2014/12/22 20:53:21+00,,16926.0607117554
259,10157,Fur Trader Road,1582.60132352,,,Yes,No,No,No,No,No,No,No,No,Easy,,,,Existing,Park Trail,,jechezem,jechezem,Douglas,,2022/12/08 14:07:58+00,2022/12/06 20:59:45+00,,1582.18010996906
260,158,144th Street South,1352.58473493,,,,,,,,,,,,,,,,Existing,Multi-Use,,jechezem,jechezem,Douglas,,2022/12/08 14:07:58+00,2022/12/08 14:01:25+00,,1352.13749957875
261,3959,,112.71926305,,,,,,,,,,,,,,,,Proposed,,,gis,jechezem,Douglas,,2022/12/08 14:07:58+00,2017/05/15 21:08:47+00,,112.681586284529
262,19,Whitehawk - damsite,6181.61994493,,,,,,,,,,,,,,,,Existing,Multi-Use,,MLSCHONLAU,jechezem,Douglas,,2022/12/08 14:07:58+00,2014/12/04 22:33:40+00,,6128.68262543785
263,4025,,1990.5804634,,,,,,,,,,,,,,,,Proposed,,,gis,jechezem,Douglas,,2022/12/08 14:07:58+00,2017/05/15 21:56:06+00,,1989.91381284081
264,4050,Big Papio North,11118.58664605,,,,,,,,,,,,,,,,Proposed,,,gis,jechezem,Douglas,,2022/12/08 14:07:58+00,2017/05/15 18:11:22+00,,11114.8598951873
265,12532,Lions Den Trail,40.28472552,,,Yes,No,No,No,No,No,No,No,No,Easy,,,,Existing,Park Trail,,jechezem,jechezem,Douglas,,2022/12/08 13:51:32+00,2022/12/06 20:59:44+00,,40.2709614845362
266,4086,,2951.15422182,,,,,,,,,,,,,,,,Proposed,,,gis,jechezem,Douglas,,2022/12/08 14:07:58+00,2017/05/15 20:59:54+00,,2950.16309381109
267,3942,Lake Zorinsky Trail,117.03645625,,,,,,,,,,,,,,,,Existing,,,gis,jechezem,,,2022/12/08 13:50:05+00,2017/05/15 20:15:39+00,,116.997963323131
268,3508,Stream,1234.33465575,, , , , , , , , , , , , ,,,,,,GIS,jechezem,Sarpy,,2022/12/08 14:10:30+00,2017/04/01 01:10:23+00,,1233.93313066192
269,3551, ,426.98910004,10,Concrete, , , , , , , , , , , ,,,,,,GIS,jechezem,Sarpy,,2022/12/08 14:10:30+00,2017/04/01 01:10:23+00,,426.850587587952
270,6135,Sorensen Parkway,3324.76199929,,,,,,,,,,,,,,,,Proposed,Multi-Use,,jechezem,jechezem,Douglas,,2022/12/08 14:07:58+00,2021/03/29 17:30:39+00,,3323.64418245835
271,4083,Mission Park West,1194.12643433,,,,,,,,,,,,,,,,Existing,,,gis,jechezem,Douglas,,2022/12/08 14:07:58+00,2017/05/15 20:56:40+00,,1193.7364967859
272,4004,Riverfront Trail,429.68307876,,,,,,,,,,,,,,,,Existing,,,gis,jechezem,Douglas,,2022/12/08 14:07:58+00,2017/05/16 02:04:43+00,,429.539716599275
273,4009,144th Street North,737.21999433,,,,,,,,,,,,,,,,Existing,,,gis,jechezem,Douglas,,2022/12/08 14:07:58+00,2017/05/15 21:21:17+00,,736.973208063151
274,3536, ,1449.77569021,, , , , , , , , , , , , ,,,,,,GIS,jechezem,Sarpy,,2022/12/08 14:10:30+00,2017/04/01 01:10:23+00,,1449.31516805493
275,4019,,45.50522137,,,,,,,,,,,,,,,,Proposed,,,gis,jechezem,Douglas,,2022/12/08 14:07:58+00,2017/05/16 00:16:11+00,,45.4899021812995
276,4055,Lawrence Youngman Lake Park Trail,798.86490374,,,,,,,,,,,,,,,,Existing,,,gis,jechezem,Douglas,,2022/12/08 14:07:58+00,2017/05/15 20:27:58+00,,798.598316546508
277,31,Sorensen Parkway,6832.5118402,,,,,,,,,,,,,,,,Proposed,,,MLSCHONLAU,jechezem,Douglas,,2022/12/08 14:07:58+00,2014/12/04 22:33:40+00,,6830.21561239782
278,10151,Lions Den Cutoff,420.6262816,,,Yes,No,No,No,No,No,No,No,No,Intermediate,,,,Existing,Park Trail,,jechezem,jechezem,Douglas,,2022/12/08 14:07:58+00,2022/12/06 20:59:41+00,,420.483344882519
279,Trail - 14132,North Omaha Trial,,10,Concrete,Yes,Yes,Yes,No,No,No,No,No,No,Easy,Excellent,1,1,Existing,Park Trail,0,jechezem,jechezem,Douglas,2,2023/08/08 15:15:41+00,2023/08/08 15:04:45+00,2023/05/01 00:00:00+00,8806.96155453921
280,154,Fontenelle Park/Creighton Blvd,12699.45170803,,,,,,,,,,,,,,,,Existing,Multi-Use,,MLSCHONLAU,jechezem,Douglas,,2022/12/08 14:07:58+00,2014/12/04 22:33:40+00,,12695.2022849091
281,34,Crosskey Villages Park Trail,2340.2442602,,,,,,,,,,,,,,,,Existing,Multi-Use,,MLSCHONLAU,jechezem,Douglas,,2022/12/08 14:07:58+00,2014/12/04 22:33:40+00,,2339.46290462931
282,4102,Kiwanis Park Trail,395.89372351,,,,,,,,,,,,,,,,Existing,,,gis,jechezem,Douglas,,2022/12/08 14:07:58+00,2017/05/16 02:06:56+00,,395.761811419608
283,4525,Mission Park,583.82586288,,,,,,,,,,,,,,,,Existing,Multi-Use,,JECHEZEM,jechezem,Douglas,,2022/12/08 14:07:58+00,2019/03/19 20:02:45+00,,583.635138289929
284,5332,Flanagan Lake Trail,8428.16530236,,,,,,,,,,,,,,,,Existing,,,jechezem,jechezem,Douglas,,2022/12/08 14:07:58+00,2020/05/13 17:13:43+00,,8425.33585389406
285,4061,,2651.07005582,,,,,,,,,,,,,,,,Proposed,,,gis,jechezem,Douglas,,2022/12/08 14:07:58+00,2017/05/15 21:04:02+00,,2650.17985085743
286,4113,144th Street North,189.28992006,,,,,,,,,,,,,,,,Existing,,,gis,jechezem,,,2022/12/08 13:51:06+00,2017/05/15 21:40:29+00,,189.226882330369
287,4106,Standing Bear Lake Trail,2571.02378567,,,,,,,,,,,,,,,,Existing,,,gis,jechezem,Douglas,,2022/12/08 14:07:58+00,2017/05/13 02:55:43+00,,2570.16067887668
288,3503,History,4193.66893542,, , , , , , , , , , , , ,,,,,,GIS,jechezem,Sarpy,,2022/12/08 14:10:30+00,2017/04/01 01:10:23+00,,4192.31157972426
289,13732,West Papio Creek Trail,6827.03798463,,,,,,,,,,,,,,,,Existing,,,jechezem,jechezem,Douglas,,2022/12/08 14:07:58+00,2022/12/08 13:57:31+00,,6824.80550310735
290,3947,,3941.22287401,,,,,,,,,,,,,,,,Proposed,,,gis,jechezem,Douglas,,2022/12/08 14:07:58+00,2017/05/15 21:26:15+00,,3939.91127876148
291,3895,Lake Zorinsky Trail,4822.34032771,,,,,,,,,,,,,,,,Existing,,,gis,jechezem,Douglas,,2022/12/08 14:07:58+00,2017/05/15 19:53:23+00,,4820.75269406303
292,4522,Mission Park,753.84215894,,,,,,,,,,,,,,,,Existing,Multi-Use,,JECHEZEM,jechezem,Douglas,,2022/12/08 14:07:58+00,2019/03/19 20:02:45+00,,753.595411980123
293,3549, ,1990.58221248,, , , , , , , , , , , , ,,,,,,GIS,jechezem,Sarpy,,2022/12/08 14:10:30+00,2017/04/01 01:10:23+00,,1989.94271464949
294,3894,S 13th St Trail,1390.26863937,,,,,,,,,,,,,,,,Existing,,,gis,jechezem,Douglas,,2022/12/08 14:07:58+00,2017/05/13 02:00:56+00,,1389.81212485668
295,4078,Lake Zorinsky Trail,4352.49125695,,,,,,,,,,,,,,,,Existing,,,gis,jechezem,Douglas,,2022/12/08 14:07:58+00,2017/05/15 20:14:49+00,,4351.05818541301
296,3899,,12285.257163,,,,,,,,,,,,,,,,Existing,,,gis,jechezem,Sarpy,,2022/12/08 14:10:30+00,2017/05/16 01:05:28+00,,12281.2972956711
297,6134,Burt St Trail,315.87937665,,,,,,,,,,,,,,,,Existing,Connector,,jechezem,jechezem,Douglas,,2022/12/08 14:07:58+00,2020/05/15 17:29:17+00,,315.774128739278
298,3893,,8604.48689695,,,,,,,,,,,,,,,,Proposed,,,gis,jechezem,Douglas,,2022/12/08 14:07:58+00,2017/05/13 02:19:16+00,,8601.64961352612
299,4094,,1879.46353735,,,,,,,,,,,,,,,,Proposed,,,gis,jechezem,Douglas,,2022/12/08 14:07:58+00,2017/05/15 21:39:22+00,,1878.83740338819
300,4021,,2458.12617686,,,,,,,,,,,,,,,,Existing,,,gis,jechezem,Sarpy,,2022/12/08 14:10:30+00,2017/05/16 01:23:39+00,,2457.3318067192
301,4107,144th Street North,677.41170061,,,,,,,,,,,,,,,,Existing,,,gis,jechezem,Douglas,,2022/12/08 14:07:58+00,2017/05/15 18:06:19+00,,677.184313066511
302,3928,,4657.47553903,,,,,,,,,,,,,,,,Proposed,,,gis,jechezem,Douglas,,2022/12/08 14:07:58+00,2017/05/16 02:25:12+00,,4655.90409935177
303,9333,Sorensen Parkway,3357.76532135,,,,,,,,,,,,,,,,Proposed,,,jechezem,jechezem,Douglas,,2022/12/08 14:07:58+00,2022/04/15 14:52:37+00,,3356.85043775999
304,4053,,3822.01972732,,,,,,,,,,,,,,,,Proposed,,,gis,jechezem,Douglas,,2022/12/08 14:07:58+00,2017/05/15 20:19:16+00,,3820.76093423132
305,3986,,723.89178941,,,,,,,,,,,,,,,,Proposed,,,gis,jechezem,Douglas,,2022/12/08 14:07:58+00,2017/05/13 02:53:22+00,,723.648118038739
306,3916,Riverfront Trail,5920.81142227,,,,,,,,,,,,,,,,Existing,,,gis,jechezem,Douglas,,2022/12/08 14:07:58+00,2017/05/13 00:56:20+00,,5918.81094344018
307,4933,West Papio North,424.60633689,,,,,,,,,,,,,,,,Existing,,,jechezem,jechezem,Douglas,,2022/12/08 14:07:59+00,2020/05/13 15:26:37+00,,424.463443073624
308,3527,Lied Bridge Platte River Connection,1859.46224374,, , , , , , , , , , , , ,,,,,,GIS,jechezem,Sarpy,,2022/12/08 14:10:30+00,2017/04/01 01:10:23+00,,1858.89963930346
309,4065,Keystone Trail,193.61671224,,,,,,,,,,,,,,,,Proposed,,,gis,jechezem,,,2022/12/08 13:50:50+00,2017/05/15 18:20:02+00,,193.551694591138
310,3913,Lake Zorinsky Trail,1010.46225632,,,,,,,,,,,,,,,,Existing,,,gis,jechezem,Douglas,,2022/12/08 14:07:59+00,2017/05/15 19:26:54+00,,1010.13012920833
311,4074,N 30th St Trail,3171.67401145,,,,,,,,,,,,,,,,Existing,,,gis,jechezem,Douglas,,2022/12/08 14:07:59+00,2017/05/13 02:24:13+00,,3170.61958631233
312,4063,,15715.71853815,,,,,,,,,,,,,,,,Proposed,,,gis,jechezem,Douglas,,2022/12/08 14:07:59+00,2017/05/16 00:11:14+00,,15710.4135329512
313,3507,Stream,2862.40954289,, , , , , , , , , , , , ,,,,,,GIS,jechezem,Sarpy,,2022/12/08 14:10:30+00,2017/04/01 01:10:23+00,,2861.4796602415
314,,,867.39982544,,,,Yes,,,,,,,,,,,,Existing,,,jechezem,jechezem,Douglas,,2022/12/08 14:07:59+00,2022/12/06 20:23:01+00,,867.187670100872
315,4032,,12107.70528305,,,,,,,,,,,,,,,,Proposed,,,gis,jechezem,Douglas,,2022/12/08 14:07:59+00,2017/05/13 01:05:48+00,,12103.6513554556
316,14,Falcon Ridge,4133.86378178,,,,,,,,,,,,,,,,Existing,Multi-Use,,MLSCHONLAU,jechezem,Douglas,,2022/12/08 14:07:59+00,2014/12/04 22:33:40+00,,4132.51280947514
317,3534, ,2946.16811916,, , , , , , , , , , , , ,,,,,,GIS,jechezem,Sarpy,,2022/12/08 14:10:30+00,2017/04/01 01:10:23+00,,2945.2347548071
318,3888,,40.20116647,,,,,,,,,,,,,,,,Existing,,,gis,jechezem,,,2022/12/08 13:49:46+00,2017/05/16 01:21:38+00,,40.1883784238092
319,4523,Mission Park,587.99534119,,,,,,,,,,,,,,,,Existing,Multi-Use,,JECHEZEM,jechezem,Douglas,,2022/12/08 14:07:59+00,2019/03/19 20:02:45+00,,587.803026149417
320,3501,Oak,2584.90559717,, , , , , , , , , , , , ,,,,,,GIS,jechezem,Sarpy,,2022/12/08 14:10:30+00,2017/04/01 01:10:23+00,,2584.06505020355
321,158,144th Street South,751.66127998,,,,,,,,,,,,,,,,Existing,Multi-Use,,jechezem,jechezem,Douglas,,2022/12/08 14:07:59+00,2022/12/08 14:01:24+00,,751.412940369218
322,271,,1137.29877518,,,,,,,,,,,,,,,,Proposed,Multi-Use,,GIS,jechezem,Douglas,,2022/12/08 14:07:59+00,2014/12/22 20:53:21+00,,1136.91555028842
323,3505,Mormon Hollow,3694.47681813,, , , , , , , , , , , , ,,,,,,GIS,jechezem,Sarpy,,2022/12/08 14:10:30+00,2017/04/01 01:10:23+00,,3693.27981824151
324,7732,,429.88233503,,,,,,,,,,,,,,,,Proposed,,,jechezem,jechezem,Douglas,,2022/12/08 14:07:59+00,2021/08/26 12:13:27+00,,429.750415364763
325,3987,,4064.35278894,,,,,,,,,,,,,,,,Proposed,,,gis,jechezem,Douglas,,2022/12/08 14:07:59+00,2017/05/16 00:27:41+00,,4062.99647690935
326,3547, ,554.64800484,, , , , , , , , , , , , ,,,,,,GIS,jechezem,Sarpy,,2022/12/08 14:10:30+00,2017/04/01 01:10:23+00,,554.469157336273
327,3898,,5701.16434371,,,,,,,,,,,,,,,,Proposed,,,gis,jechezem,Douglas,,2022/12/08 14:07:59+00,2017/05/15 20:32:11+00,,5699.26780855645
328,,,70.38755632,,,,Yes,,,,,,,,,,,,Existing,,,jechezem,jechezem,,,2022/12/08 13:51:30+00,2022/12/06 15:55:10+00,,70.3638293399755
329,3521,Fontanelle Forest - Unnamed,546.22928696,, , , , , , , , , , , , ,,,,,,GIS,jechezem,Sarpy,,2022/12/08 14:10:30+00,2017/04/01 01:10:23+00,,546.051279622448
330,12132,Hummel Stairs,441.40672473,,,Yes,No,No,No,No,No,No,No,No,Intermediate,,,,Existing,Park Trail,,jechezem,jechezem,Douglas,,2022/12/08 14:07:59+00,2022/12/06 20:59:44+00,,441.274224047094
331,4110,,2396.3420761,,,,,,,,,,,,,,,,Proposed,,,gis,jechezem,Douglas,,2022/12/08 14:07:59+00,2017/05/16 02:28:19+00,,2395.53455753383
332,4056,Lake Zorinsky Trail,88.34151167,,,,,,,,,,,,,,,,Existing,,,gis,jechezem,,,2022/12/08 13:50:47+00,2017/05/15 20:15:16+00,,88.3125353359213
333,3510,Walking Club,3156.31935606,, , , , , , , , , , , , ,,,,,,GIS,jechezem,Sarpy,,2022/12/08 14:10:30+00,2017/04/01 01:10:23+00,,3155.29230137573
334,4100,,5252.49758906,,,,,,,,,,,,,,,,Proposed,,,gis,jechezem,Douglas,,2022/12/08 14:07:59+00,2017/05/13 02:31:10+00,,5250.75039187195
335,3525,Gifford Memorial Boardwalk,1573.62118439,, , , , , , , , , , , , ,,,,,,GIS,jechezem,Sarpy,,2022/12/08 14:10:30+00,2017/04/01 01:10:23+00,,1573.11004082663
336,,,164.64749192,,,,Yes,,,,,,,,,,,,Existing,,,jechezem,jechezem,Douglas,,2022/12/08 14:07:59+00,2022/12/06 15:56:59+00,,164.594459803707
337,3990,Lake Zorinsky Trail,136.46255414,,,,,,,,,,,,,,,,Existing,,,gis,jechezem,,,2022/12/08 13:50:25+00,2017/05/15 19:39:04+00,,136.41763345906
338,69,Riverfront Trail,18566.68113677,,,,,,,,,,,,,,,,Existing,Multi-Use,,MLSCHONLAU,jechezem,Douglas,,2022/12/08 14:07:59+00,2014/12/04 22:33:40+00,,18560.5025097948
339,3912,,10889.98760692,,,,,,,,,,,,,,,,Existing,,,gis,jechezem,Sarpy,,2022/12/08 14:10:30+00,2017/05/16 01:37:08+00,,10886.4910073709
340,39,,7992.58786285,,,,,,,,,,,,,,,,Existing,Multi-Use,,MLSCHONLAU,jechezem,Sarpy,,2022/12/08 14:10:30+00,2014/12/04 22:33:40+00,,7989.98218124818
341,3998,,3667.08631041,,,,,,,,,,,,,,,,Proposed,,,gis,jechezem,Douglas,,2022/12/08 14:07:59+00,2017/05/13 01:57:13+00,,3665.88874996074
342,4038,,2920.89915664,,,,,,,,,,,,,,,,Existing,,,gis,jechezem,Sarpy,,2022/12/08 14:10:30+00,2017/05/16 01:01:18+00,,2919.9581736066
343,3955,Lake Zorinsky Trail,6274.90262299,,,,,,,,,,,,,,,,Existing,,,gis,jechezem,Douglas,,2022/12/08 14:07:59+00,2017/05/15 19:25:57+00,,6272.83998969237
344,4040,,293.44278729,,,,,,,,,,,,,,,,Existing,,,gis,jechezem,Sarpy,,2022/12/08 14:10:30+00,2017/05/16 01:40:28+00,,293.348368410033
345,37,Standing Bear Lake Trail,2243.79333235,,,,,,,,,,,,,,,,Existing,Multi-Use,,MLSCHONLAU,jechezem,Douglas,,2022/12/08 14:07:59+00,2014/12/04 22:33:40+00,,2243.04023013947
346,278,Martin Luther King Pedestrian Bridge,1192.43600445,,,,,,,,,,,,,,,,Existing,Multi-Use,,GIS,jechezem,Douglas,,2022/12/08 14:07:59+00,2016/11/01 19:38:27+00,,1192.03977160274
347,3548, ,494.2322863,10,Concrete, , , , , , , , , , , ,,,,,,GIS,jechezem,Sarpy,,2022/12/08 14:10:30+00,2017/04/01 01:10:23+00,,494.072848686116
348,3952,,688.98423899,,,,,,,,,,,,,,,,Existing,,,gis,jechezem,Sarpy,,2022/12/08 14:10:30+00,2017/05/16 01:26:21+00,,688.761412120744
349,4017,Glenn Cunningham Lake Trail,452.14027054,,,,,,,,,,,,,,,,Existing,,,gis,jechezem,Douglas,,2022/12/08 14:07:59+00,2017/05/16 02:13:50+00,,451.987835352938
350,3993,Lake Zorinsky Trail,473.29485378,,,,,,,,,,,,,,,,Existing,,,gis,jechezem,Douglas,,2022/12/08 14:07:59+00,2017/05/15 20:16:36+00,,473.139112244914
351,3545, ,939.36028606,, , , , , , , , , , , , ,,,,,,GIS,jechezem,Sarpy,,2022/12/08 14:10:31+00,2017/04/01 01:10:23+00,,939.058238468489
352,10934,Keystone Trail,5959.57745089,,,,,,,,,,,,,,,,Existing,Multi-Use,,jechezem,jechezem,Sarpy,,2022/12/08 14:10:31+00,2022/09/07 15:33:37+00,,5957.63656743998
353,4072,Riverfront Trail,12998.3241229,,,,,,,,,,,,,,,,Existing,,,gis,jechezem,Washington,,2022/12/08 14:05:58+00,2017/05/13 00:14:24+00,,12993.904586154
354,3897,,2553.31123504,,,,,,,,,,,,,,,,Proposed,,,gis,jechezem,Douglas,,2022/12/08 14:07:59+00,2017/05/16 02:26:32+00,,2552.44963258472
355,3542, ,187.97134342,10,Concrete, , , , , , , , , , , ,,,,,,GIS,jechezem,Sarpy,,2022/12/08 14:10:31+00,2017/04/01 01:10:23+00,,187.910076079982
356,4041,One Pacific Place Park Trail,33.38670383,,,,,,,,,,,,,,,,Existing,,,gis,jechezem,,,2022/12/08 13:50:42+00,2017/05/15 18:27:36+00,,33.3757877154799
357,4096,Lake Zorinsky Trail,2551.58209914,,,,,,,,,,,,,,,,Existing,,,gis,jechezem,Douglas,,2022/12/08 14:07:59+00,2017/05/15 19:14:35+00,,2550.74253930976
358,96,Elkhorn,20410.73173591,,,,,,,,,,,,,,,,Existing,Multi-Use,,MLSCHONLAU,jechezem,Douglas,,2022/12/08 14:07:59+00,2014/12/04 22:33:40+00,,20403.9225513068
359,4047,Lake Zorinsky Trail,84.35517459,,,,,,,,,,,,,,,,Existing,,,gis,jechezem,,,2022/12/08 13:50:44+00,2017/05/15 20:04:47+00,,84.3276295359271
360,4033,,2619.59301133,,,,,,,,,,,,,,,,Proposed,,,gis,jechezem,Douglas,,2022/12/08 14:07:59+00,2017/05/15 21:07:38+00,,2618.71736378616
361,3948,Lake Zorinsky Trail,1529.41491139,,,,,,,,,,,,,,,,Existing,,,gis,jechezem,Douglas,,2022/12/08 14:07:59+00,2017/05/15 19:42:49+00,,1528.91233707996
362,4020,Burt St Trail,3941.74080818,,,,,,,,,,,,,,,,Existing,,,gis,jechezem,Douglas,,2022/12/08 14:07:59+00,2017/05/13 02:25:57+00,,3940.42921358757
363,3995,Walnut Grove Park,131.2046154,,,,,,,,,,,,,,,,Existing,,,gis,jechezem,Sarpy,,2022/12/08 14:10:31+00,2017/05/15 19:10:12+00,,131.161621024495
364,3915,,9961.93995444,,,,,,,,,,,,,,,,Proposed,,,gis,jechezem,Douglas,,2022/12/08 14:07:59+00,2017/05/15 21:38:22+00,,9958.61768134076
365,158,144th Street South,900.04932543,,,,,,,,,,,,,,,,Existing,Multi-Use,,jechezem,jechezem,Douglas,,2022/12/08 14:07:59+00,2022/12/08 14:01:23+00,,899.751689934367
366,4938,Flanagan Lake Trail,5058.85849687,,,,,,,,,,,,,,,,Existing,,,jechezem,jechezem,Douglas,,2022/12/08 14:07:59+00,2020/05/13 15:36:49+00,,5057.15871992232
367,3953,S 13th St Trail,3236.20611677,,,,,,,,,,,,,,,,Existing,,,gis,jechezem,Douglas,,2022/12/08 14:07:59+00,2017/05/13 01:51:34+00,,3235.14542798548
368,3982,Keystone Trail,3434.31468661,,,,,,,,,,,,,,,,Existing,,,gis,jechezem,Douglas,,2022/12/08 14:07:59+00,2017/05/16 18:42:04+00,,3433.17441357967
369,3540, ,497.13185708,10,Concrete, , , , , , , , , , , ,,,,,,GIS,jechezem,Sarpy,,2022/12/08 14:10:31+00,2017/04/01 01:10:23+00,,496.971899623918
370,4103,Riverfront Trail,8056.65368271,,,,,,,,,,,,,,,,Existing,,,gis,jechezem,Washington,,2022/12/08 14:05:58+00,2017/05/13 00:18:32+00,,8053.90940586217
371,3974,Lake Zorinsky Trail,1388.45805444,,,,,,,,,,,,,,,,Existing,,,gis,jechezem,Douglas,,2022/12/08 14:07:59+00,2017/05/15 19:16:44+00,,1388.00122518799
372,3930,Big Papio South,2664.42234414,,,,,,,,,,,,,,,,Existing,,,gis,jechezem,Douglas,,2022/12/08 14:07:59+00,2017/05/15 18:29:24+00,,2663.53872264147
373,4045,Lawrence Youngman Lake Park Trail,202.9819354,,,,,,,,,,,,,,,,Existing,,,gis,jechezem,,,2022/12/08 13:50:43+00,2017/05/15 20:29:21+00,,202.914105859828
374,10136,144th Street South,11802.39168791,,,,,,,,,,,,,,,,Existing,Multi-Use,,jechezem,jechezem,Douglas,,2022/12/08 14:07:59+00,2022/09/07 15:31:18+00,,11798.5228141602
375,117,Big Papio South,44420.21733867,,,,,,,,,,,,,,,,Existing,Multi-Use,,MLSCHONLAU,jechezem,Douglas,,2022/12/08 14:07:59+00,2014/12/04 22:33:40+00,,44405.586067062
376,10132,Saddlebrook Park Trail,846.13720397,,,,,,,,,,,,,,,,Existing,Multi-Use,,jechezem,jechezem,Douglas,,2022/12/08 14:07:59+00,2022/09/07 15:07:25+00,,845.852429351015
377,4524,Mission Park,165.46475761,,,,,,,,,,,,,,,,Existing,Multi-Use,,JECHEZEM,jechezem,Douglas,,2022/12/08 14:08:00+00,2019/03/19 20:02:45+00,,165.41067537335
378,3493,Hickory,1069.25434152,, , , , , , , , , , , , ,,,,,,GIS,jechezem,Sarpy,,2022/12/08 14:10:31+00,2017/04/01 01:10:23+00,,1068.90621460032
379,4049,Mission Park West,510.54136954,,,,,,,,,,,,,,,,Existing,,,gis,jechezem,Douglas,,2022/12/08 14:08:00+00,2017/05/15 20:48:09+00,,510.374610144319
380,3992,Keystone Trail,13194.63881722,,,,,,,,,,,,,,,,Existing,,,gis,jechezem,Sarpy,,2022/12/08 14:10:31+00,2017/05/16 18:59:31+00,,13190.3699658556
381,3925,,1953.5492617,,,,,,,,,,,,,,,,Proposed,,,gis,jechezem,Douglas,,2022/12/08 14:08:00+00,2017/05/15 20:25:33+00,,1952.89862968353
382,3961,Lake Zorinsky Trail,566.44949534,,,,,,,,,,,,,,,,Existing,,,gis,jechezem,Douglas,,2022/12/08 14:08:00+00,2017/05/15 20:09:09+00,,566.262986973827
383,158,144th Street South,5359.658345,,,,,,,,,,,,,,,,Existing,Multi-Use,,jechezem,jechezem,Douglas,,2022/12/08 14:08:00+00,2022/12/08 14:01:26+00,,5357.8792379642
384,43,Turner Blvd connector,6238.17257657,,,,,,,,,,,,,,,,Existing,Multi-Use,,MLSCHONLAU,jechezem,Douglas,,2022/12/08 14:08:00+00,2014/12/04 22:33:40+00,,6236.10412667464
385,10155,Fur Trader Road,997.91746793,,,Yes,No,No,No,No,No,No,No,No,Intermediate,,,,Existing,Park Trail,,jechezem,jechezem,Douglas,,2022/12/08 14:08:00+00,2022/12/06 20:59:43+00,,997.678605999207
386,158,144th Street South,2626.32517375,,,,,,,,,,,,,,,,Existing,Multi-Use,,jechezem,jechezem,Douglas,,2022/12/08 14:08:00+00,2022/12/08 14:01:26+00,,2556.87741201767
387,3911,,228.21123562,,,,,,,,,,,,,,,,Proposed,,,gis,jechezem,,,2022/12/08 13:49:54+00,2017/05/13 02:04:09+00,,228.13622710061
388,4031,,2073.29985606,,,,,,,,,,,,,,,,Proposed,,,gis,jechezem,Douglas,,2022/12/08 14:08:00+00,2017/05/13 02:52:08+00,,2072.60257613599
389,3515,Pond,1082.51502802,, , , , , , , , , , , , ,,,,,,GIS,jechezem,Sarpy,,2022/12/08 14:10:31+00,2017/04/01 01:10:23+00,,1082.1634540653
390,3923,,8117.6187736,,,,,,,,,,,,,,,,Existing,,,gis,jechezem,Sarpy,,2022/12/08 14:10:31+00,2017/05/16 01:16:59+00,,8114.99628847555
391,4114,,716.65659431,,,,,,,,,,,,,,,,Existing,,,gis,jechezem,Sarpy,,2022/12/08 14:10:31+00,2017/05/16 00:45:07+00,,716.423847508814
392,71,Arbor St Trail,1184.26341012,,,,,,,,,,,,,,,,Existing,Multi-Use,,MLSCHONLAU,jechezem,Douglas,,2022/12/08 14:08:00+00,2014/12/04 22:33:40+00,,1183.87211597338
393,3984,180th St Trail,450.26145147,,,,,,,,,,,,,,,,Existing,,,gis,jechezem,Douglas,,2022/12/08 14:08:00+00,2017/05/15 20:37:54+00,,450.112022409448
394,10153,Ridgeline Cutoff,459.52802671,,,Yes,No,No,No,No,No,No,No,No,Easy,,,,Existing,Park Trail,,jechezem,jechezem,Douglas,,2022/12/08 14:08:00+00,2022/12/06 20:59:42+00,,459.378446341729
395,3537, ,1034.45095007,, , , , , , , , , , , , ,,,,,,GIS,jechezem,Sarpy,,2022/12/08 14:10:31+00,2017/04/01 01:10:23+00,,1034.12133690038
396,3939,Keystone Trail,283.25681318,,,,,,,,,,,,,,,,Existing,,,gis,jechezem,,,2022/12/08 13:50:03+00,2017/05/13 02:44:51+00,,283.161307365103
397,3950,,18865.07819518,,,,,,,,,,,,,,,,Proposed,,,gis,jechezem,Douglas,,2022/12/08 14:08:00+00,2017/05/15 20:59:01+00,,18858.7622498991
398,4011,Glenn Cunningham Lake Trail,296.11587896,,,,,,,,,,,,,,,,Existing,,,gis,jechezem,Douglas,,2022/12/08 14:08:00+00,2017/05/16 02:15:04+00,,296.01566616322
399,3487,Hawthorn,649.95268524,, , , , , , , , , , , , ,,,,,,GIS,jechezem,Sarpy,,2022/12/08 14:10:31+00,2017/04/01 01:10:23+00,,649.74083409951
400,4023,,134.60673243,,,,,,,,,,,,,,,,Existing,,,gis,jechezem,,,2022/12/08 13:50:36+00,2017/05/16 01:50:28+00,,134.563807194431
401,121,Adams Park,3411.55476965,,,,,,,,,,,,,,,,Existing,Multi-Use,,MLSCHONLAU,jechezem,Douglas,,2022/12/08 14:08:00+00,2014/12/04 22:33:40+00,,3410.41589606551
402,82,Harrison Street,4967.47341417,,,,,,,,,,,,,,,,Existing,Multi-Use,,MLSCHONLAU,jechezem,Douglas,,2022/12/08 14:08:00+00,2014/12/04 22:33:40+00,,4965.85238662028
403,3969,,526.70568462,,,,,,,,,,,,,,,,Proposed,,,gis,jechezem,Douglas,,2022/12/08 14:08:00+00,2017/05/13 02:02:08+00,,526.532303037166
404,4077,,10929.87876689,,,,,,,,,,,,,,,,Existing,,,gis,jechezem,Sarpy,,2022/12/08 14:10:31+00,2017/05/16 19:05:29+00,,10926.3661480766
405,4119,,1794.12956251,,,,,,,,,,,,,,,,Existing,,,gis,jechezem,Sarpy,,2022/12/08 14:10:31+00,2017/05/16 01:42:25+00,,1793.55432633354
406,4035,,1416.27914659,,,,,,,,,,,,,,,,Proposed,,,gis,jechezem,Douglas,,2022/12/08 14:08:00+00,2017/05/16 02:29:55+00,,1415.80223488484
407,4062,,1281.55727776,,,,,,,,,,,,,,,,Existing,,,gis,jechezem,Sarpy,,2022/12/08 14:10:31+00,2017/05/16 01:21:18+00,,1281.14324867608
408,4538,Flanagan Lake Trail,12848.2035386,,,,,,,,,,,,,,,,Existing,,,jechezem,jechezem,Douglas,,2022/12/08 14:08:00+00,2020/05/13 15:52:20+00,,12843.8806565061
409,3973,Lake Zorinsky Trail,541.40703215,,,,,,,,,,,,,,,,Existing,,,gis,jechezem,Douglas,,2022/12/08 14:08:00+00,2017/05/15 19:18:42+00,,541.229459513833
410,3944,,4118.60238412,,,,,,,,,,,,,,,,Proposed,,,gis,jechezem,Douglas,,2022/12/08 14:08:00+00,2017/05/15 21:57:14+00,,4117.21934415766
411,10148,Up Top Trail,1051.11833013,,,Yes,No,No,No,No,No,No,No,No,Intermediate,,,,Existing,Park Trail,,jechezem,jechezem,Douglas,,2022/12/08 14:08:00+00,2022/12/06 20:59:39+00,,1050.77367906509
412,3980,,6732.23133672,,,,,,,,,,,,,,,,Proposed,,,gis,jechezem,Douglas,,2022/12/08 14:08:00+00,2017/05/16 00:15:42+00,,6729.95524878159
413,3492,Wren,620.696495,, , , , , , , , , , , , ,,,,,,GIS,jechezem,Sarpy,,2022/12/08 14:10:31+00,2017/04/01 01:10:23+00,,620.494809822622
414,3526,MoPac East Trail - LPSNRD,114969.14056018,, , , , , , , , , , , , ,,,,,,GIS,jechezem,Cass/Lancaster,,2022/12/08 13:49:35+00,2017/04/01 01:10:23+00,,114938.013212343
415,3889,144th Street North,1849.50571614,,,,,,,,,,,,,,,,Existing,,,gis,jechezem,Douglas,,2022/12/08 14:08:00+00,2017/05/15 21:43:41+00,,1848.88997696565
416,4527,Lake Zorinsky Trail,893.3270073,,,,,,,,,,,,,,,,Existing,,,JECHEZEM,jechezem,Douglas,,2022/12/08 14:08:00+00,2019/03/21 17:15:06+00,,893.033419755515
417,4092,Hanscom Park,2224.99338298,,,,,,,,,,,,,,,,Existing,,,gis,jechezem,Douglas,,2022/12/08 14:08:00+00,2017/05/13 02:20:07+00,,2224.25716413567
418,115,Willow Wood,3088.38104858,,,,,,,,,,,,,,,,Existing,Multi-Use,,MLSCHONLAU,jechezem,Douglas,,2022/12/08 14:08:00+00,2014/12/04 22:33:40+00,,3087.34985868207
419,6932,Keystone Trail,893.36108204,,,,,,,,,,,,,,,,Proposed,,,jechezem,jechezem,Douglas,,2022/12/08 14:08:00+00,2021/03/29 17:32:55+00,,893.060636092284
420,3544, ,207.36857019,, , , , , , , , , , , , ,,,,,,GIS,jechezem,Sarpy,,2022/12/08 14:10:31+00,2017/04/01 01:10:23+00,,207.301623011397
421,4099,Lake Zorinsky Trail,1398.14812546,,,,,,,,,,,,,,,,Existing,,,gis,jechezem,Douglas,,2022/12/08 14:08:00+00,2017/05/15 20:11:49+00,,1397.68659026444
422,3966,Riverfront Trail,32595.54295175,,,,,,,,,,,,,,,,Existing,,,gis,jechezem,Douglas,,2022/12/08 14:08:00+00,2017/05/13 00:48:08+00,,32584.5966266472
423,4006,,709.95997795,,,,,,,,,,,,,,,,Proposed,,,gis,jechezem,Douglas,,2022/12/08 14:08:00+00,2017/05/13 02:20:47+00,,709.724671016852
424,3979,144th Street North,2818.2719021,,,,,,,,,,,,,,,,Existing,,,gis,jechezem,Douglas,,2022/12/08 14:08:00+00,2017/05/15 21:45:59+00,,2817.33374643835
425,4036,,198.74279337,,,,,,,,,,,,,,,,Proposed,,,gis,jechezem,Douglas,,2022/12/08 14:08:00+00,2017/05/15 20:33:09+00,,198.676263290499
426,4002,Riverfront Trail,2121.1274099,,,,,,,,,,,,,,,,Existing,,,gis,jechezem,Douglas,,2022/12/08 14:08:00+00,2017/05/13 01:49:41+00,,2120.43171186485
427,3999,,5366.38435164,,,,,,,,,,,,,,,,Proposed,,,gis,jechezem,Douglas,,2022/12/08 14:08:00+00,2017/05/16 00:42:26+00,,5364.62715991641
428,59,West Papio South,24095.98575538,,,,,,,,,,,,,,,,Existing,Multi-Use,,MLSCHONLAU,jechezem,Douglas,,2022/12/08 14:08:00+00,2014/12/04 22:33:40+00,,24088.0173520942
429,80,Q Street,9211.83208938,,,,,,,,,,,,,,,,Existing,Multi-Use,,MLSCHONLAU,jechezem,Douglas,,2022/12/08 14:08:00+00,2014/12/04 22:33:40+00,,9208.81312425746
430,259,,10895.23844953,,,,,,,,,,,,,,,,Proposed,Multi-Use,,GIS,jechezem,Douglas,,2022/12/08 14:08:00+00,2014/12/22 20:53:21+00,,10891.5987098311
431,3520,Red Bud,2676.72745073,, , , , , , , , , , , , ,,,,,,GIS,jechezem,Sarpy,,2022/12/08 14:10:31+00,2017/04/01 01:10:23+00,,2675.85882694817
432,3532,South Sarpy Trail,3633.82932628,, , , , , , , , , , , , ,,,,,,GIS,jechezem,Sarpy,,2022/12/08 14:10:31+00,2017/04/01 01:10:23+00,,3632.67553871538
433,58,Military Rd Trail,666.15213824,,,,,,,,,,,,,,,,Existing,Multi-Use,,MLSCHONLAU,jechezem,Douglas,,2022/12/08 14:08:00+00,2014/12/04 22:33:40+00,,665.928519734325
434,3486,Waterloo Trail,12986.21027451,,,,,,,,,,,,,,,,Existing,Multi-Use,,GIS,jechezem,Douglas,,2022/12/08 14:08:00+00,2017/04/01 01:06:37+00,,12981.8716515283
435,64,Deer Creek Park (South) Trail,2283.47961108,,,,,,,,,,,,,,,,Existing,Multi-Use,,MLSCHONLAU,jechezem,Douglas,,2022/12/08 14:08:00+00,2014/12/04 22:33:40+00,,2282.71105668995
436,3498,Oak,3841.9186887,, , , , , , , , , , , , ,,,,,,GIS,jechezem,Sarpy,,2022/12/08 14:10:31+00,2017/04/01 01:10:23+00,,3840.66947587587
437,4531,Lake Zorinsky Trail,464.06875547,,,,,,,,,,,,,,,,Existing,,,JECHEZEM,jechezem,Douglas,,2022/12/08 14:08:00+00,2019/03/21 17:18:57+00,,463.916239701059
438,3976,Keystone Trail,10730.61751922,,,,,,,,,,,,,,,,Existing,Multi-Use,,gis,jechezem,Douglas,,2022/12/08 14:08:00+00,2017/05/16 18:55:02+00,,10727.1021336422
439,62,Fort St,6334.21382752,,,,,,,,,,,,,,,,Existing,Multi-Use,,MLSCHONLAU,jechezem,Douglas,,2022/12/08 14:08:00+00,2014/12/04 22:33:40+00,,6332.08955370946
440,4015,,2087.88995702,,,,,,,,,,,,,,,,Proposed,,,gis,jechezem,Douglas,,2022/12/08 14:08:00+00,2017/05/15 21:47:18+00,,2087.20051765771
441,155,Fur Trader Road,2363.39563079,,,,,,,,,,,,Intermediate,,,,Existing,Multi-Use,,MLSCHONLAU,jechezem,Sarpy,,2022/12/08 14:10:31+00,2014/12/04 22:33:40+00,,2362.62378992394
442,3997,One Pacific Place Park Trail,3497.34988281,,,,,,,,,,,,,,,,Existing,,,gis,jechezem,Douglas,,2022/12/08 14:08:00+00,2017/05/15 18:26:55+00,,3496.19145749758
443,3968,S 13th St Trail,93.06431437,,,,,,,,,,,,,,,,Existing,,,gis,jechezem,,,2022/12/08 13:50:17+00,2017/05/13 02:01:36+00,,93.0334011881483
444,4054,,1746.69362906,,,,,,,,,,,,,,,,Proposed,,,gis,jechezem,Douglas,,2022/12/08 14:08:00+00,2017/05/16 00:02:29+00,,1746.10236246364
445,3901,,353.05198757,,,,,,,,,,,,,,,,Proposed,,,gis,jechezem,Douglas,,2022/12/08 14:08:00+00,2017/05/16 00:44:11+00,,352.935343316026
446,48,Black Elk,2343.92303857,,,,,,,,,,,,,,,,Existing,Multi-Use,,MLSCHONLAU,jechezem,Douglas,,2022/12/08 14:08:00+00,2014/12/04 22:33:40+00,,2343.15589188502
447,3921,West Center Rd Trail,1794.34765818,,,,,,,,,,,,,,,,Existing,,,gis,jechezem,Douglas,,2022/12/08 14:08:00+00,2017/05/15 18:41:26+00,,1793.75465073132
448,243,Military Rd Trail,2089.78110986,,,,,,,,,,,,,,,,Proposed,Multi-Use,,GIS,jechezem,Douglas,,2022/12/08 14:08:00+00,2014/12/22 20:53:21+00,,2089.08034487436
449,3494,Childs Hollow,1568.17581801,, , , , , , , , , , , , ,,,,,,GIS,jechezem,Sarpy,,2022/12/08 14:10:31+00,2017/04/01 01:10:23+00,,1567.66603394545
450,4048,,2983.09139877,,,,,,,,,,,,,,,,Proposed,,,gis,jechezem,Douglas,,2022/12/08 14:08:00+00,2017/05/16 00:04:36+00,,2982.08250939116
451,3963,Lake Zorinsky Trail,562.22677795,,,,,,,,,,,,,,,,Existing,,,gis,jechezem,Douglas,,2022/12/08 14:08:00+00,2017/05/15 20:04:23+00,,562.042037120678
452,4075,Lake Zorinsky Trail,363.20133962,,,,,,,,,,,,,,,,Existing,,,gis,jechezem,Douglas,,2022/12/08 14:08:00+00,2017/05/15 20:05:29+00,,363.081102812398
453,4118,Lake Zorinsky Trail,396.09856361,,,,,,,,,,,,,,,,Existing,,,gis,jechezem,,,2022/12/08 13:51:07+00,2017/05/15 20:02:53+00,,395.968154822485
454,,,55.25924942,,,,Yes,,,,,,,,,,,,Existing,,,jechezem,jechezem,,,2022/12/08 13:51:22+00,2022/12/06 15:57:23+00,,55.1901775965393
455,3994,,6610.01825411,,,,,,,,,,,,,,,,Proposed,,,gis,jechezem,Douglas,,2022/12/08 14:08:00+00,2017/05/13 02:51:33+00,,6607.79594899625
456,4529,Lake Zorinsky Trail,1143.48711901,,,,,,,,,,,,,,,,Existing,,,JECHEZEM,jechezem,Douglas,,2022/12/08 14:08:00+00,2019/03/21 17:17:35+00,,1143.11053218826
457,4088,,597.25423748,,,,,,,,,,,,,,,,Existing,,,gis,jechezem,Sarpy,,2022/12/08 14:10:31+00,2017/05/16 01:13:22+00,,597.061456007398
458,11738,Ridgeline Trail,97.60408896,,,Yes,No,No,No,No,No,No,No,No,Intermediate,,,,Existing,Park Trail,,jechezem,jechezem,Douglas,,2022/12/08 13:51:32+00,2022/12/06 20:59:43+00,,97.5724387576472
459,81,Fur Trader Road,4688.61800237,,,,,,,,,,,,Intermediate,,,,Existing,Multi-Use,,MLSCHONLAU,jechezem,Sarpy,,2022/12/08 14:10:31+00,2014/12/04 22:33:40+00,,4687.0894373484
460,4109,,1573.87411876,,,,,,,,,,,,,,,,Existing,,,gis,jechezem,Sarpy,,2022/12/08 14:10:31+00,2017/05/16 00:47:40+00,,1573.36419121521
461,3937,Lake Zorinsky Trail,373.37427682,,,,,,,,,,,,,,,,Existing,,,gis,jechezem,Douglas,,2022/12/08 14:08:00+00,2017/05/15 19:19:13+00,,373.251319071431
462,4537,Flanagan Lake Connector Trail,175.74665474,,,,,,,,,,,,,,,,Existing,,,jechezem,jechezem,Douglas,,2022/12/08 14:08:00+00,2020/05/13 15:40:09+00,,175.687705005695
463,3910,Keystone Trail,1322.09333176,,,,,,,,,,,,,,,,Proposed,,,gis,jechezem,Douglas,,2022/12/08 14:08:00+00,2017/05/13 02:45:42+00,,1321.64895804835
464,73,Lake Zorinsky-Walnut Grove Connector,2359.92950553,,,,,,,,,,,,,,,,Existing,Multi-Use,,MLSCHONLAU,jechezem,Douglas,,2022/12/08 14:08:00+00,2014/12/04 22:33:40+00,,2359.15440126899
465,21,West Papio Connector,4822.01808692,,,,,,,,,,,,,,,,Existing,Multi-Use,,MLSCHONLAU,jechezem,Douglas,,2022/12/08 14:08:00+00,2014/12/04 22:33:40+00,,4820.41452270502
466,4068,,66.49170538,,,,,,,,,,,,,,,,Existing,,,gis,jechezem,,,2022/12/08 13:50:50+00,2017/05/16 01:50:03+00,,66.4704940737966
467,11333,South Lookout Trail,2232.46423933,,,Yes,No,No,No,No,No,No,No,No,Advanced,,,,Existing,Park Trail,,jechezem,jechezem,Douglas,,2022/12/08 14:08:01+00,2022/12/06 20:59:41+00,,2231.72651140991
468,8932,Sorensen Parkway,5778.75225015,,,,,,,,,,,,,,,,Existing,,,jechezem,jechezem,Douglas,,2022/12/08 14:08:01+00,2022/04/15 14:45:38+00,,5776.80916951476
469,3945,N.P. Dodge Memorial Park Trail,3824.56328234,,,,,,,,,,,,,,,,Existing,,,gis,jechezem,Douglas,,2022/12/08 14:08:01+00,2017/05/13 00:03:37+00,,3823.27045630433
470,3951,,4148.32912413,,,,,,,,,,,,,,,,Proposed,,,gis,jechezem,Douglas,,2022/12/08 14:08:01+00,2017/05/13 01:55:16+00,,4146.97158694688
471,8934,Sorensen Parkway,1575.72855194,,,,,,,,,,,,,,,,Proposed,,,jechezem,jechezem,Douglas,,2022/12/08 14:08:01+00,2022/04/15 14:53:45+00,,1575.22781996118
472,,,71.70027592,,,,Yes,,,,,,,,,,,,Existing,,,jechezem,jechezem,,,2022/12/08 13:51:20+00,2022/12/06 15:54:31+00,,71.6756627320098
473,265,,16204.13203104,,,,,,,,,,,,,,,,Proposed,Multi-Use,,GIS,jechezem,Douglas,,2022/12/08 14:08:01+00,2014/12/22 20:53:21+00,,16198.6935688891
474,8933,Sorensen Parkway,1587.65529609,,,,,,,,,,,,,,,,Proposed,,,jechezem,jechezem,Douglas,,2022/12/08 14:08:01+00,2022/04/15 14:48:53+00,,1587.18433763537
475,4018,,11899.1567342,,,,,,,,,,,,,,,,Proposed,,,gis,jechezem,Douglas,,2022/12/08 14:08:01+00,2017/05/16 00:03:43+00,,11895.1307694894
476,4530,Lake Zorinsky Trail,1759.58925501,,,,,,,,,,,,,,,,Existing,,,JECHEZEM,jechezem,Douglas,,2022/12/08 14:08:01+00,2019/03/21 17:18:20+00,,1759.01059561621
477,4034,,1166.62778441,,,,,,,,,,,,,,,,Existing,,,gis,jechezem,Sarpy,,2022/12/08 14:10:31+00,2017/05/16 01:14:32+00,,1166.25114483263
478,3931,Standing Bear Lake Trail,6537.28121498,,,,,,,,,,,,,,,,Existing,,,gis,jechezem,Douglas,,2022/12/08 14:08:01+00,2017/05/13 03:00:52+00,,6535.08661795469
479,275,,34648.54240964,,,,,,,,,,,,,,,,Proposed,Multi-Use,,GIS,jechezem,Douglas,,2022/12/08 14:08:01+00,2014/12/22 20:53:21+00,,34636.8417647626
480,3903,,573.42031745,,,,,,,,,,,,,,,,Proposed,,,gis,jechezem,Douglas,,2022/12/08 14:08:01+00,2017/05/15 21:58:00+00,,573.227815626094
481,4016,Piney Creek Park Trail,2376.48190236,,,,,,,,,,,,,,,,Existing,,,gis,jechezem,Douglas,,2022/12/08 14:08:01+00,2017/05/16 00:18:22+00,,2375.68776112118
482,79,156th St - W Papio Connector,4402.66540162,,,,,,,,,,,,,,,,Existing,Multi-Use,,MLSCHONLAU,jechezem,Douglas,,2022/12/08 14:08:01+00,2014/12/04 22:33:40+00,,4401.19079146101
483,4070,,1019.27056396,,,,,,,,,,,,,,,,Existing,,,gis,jechezem,Sarpy,,2022/12/08 14:10:31+00,2017/05/16 01:08:58+00,,1018.94115386168
484,,,783.30320995,,,,Yes,,,,,,,,,,,,Existing,,,jechezem,jechezem,Douglas,,2022/12/08 14:08:01+00,2022/12/06 20:28:44+00,,782.599405923063
485,3941,,1525.99713722,,,,,,,,,,,,,,,,Existing,,,gis,jechezem,Sarpy,,2022/12/08 14:10:31+00,2017/05/16 01:10:10+00,,1525.50493703964
486,3535, ,350.81819575,, , , , , , , , , , , , ,,,,,,GIS,jechezem,Sarpy,,2022/12/08 14:10:31+00,2017/04/01 01:10:23+00,,350.707011214125
487,4030,Lake Zorinsky Trail,32.68064922,,,,,,,,,,,,,,,,Existing,,,gis,jechezem,,,2022/12/08 13:50:38+00,2017/05/15 20:03:13+00,,32.6700922993803
488,3918,144th Street North,1543.19281772,,,,,,,,,,,,,,,,Existing,,,gis,jechezem,Douglas,,2022/12/08 14:08:01+00,2017/05/15 21:41:42+00,,1542.67743551508
489,28,Blondo St. Trail,11965.35190221,,,,,,,,,,,,,,,,Existing,Multi-Use,,MLSCHONLAU,jechezem,Douglas,,2022/12/08 14:08:01+00,2014/12/04 22:33:40+00,,11961.3603915627
492,158,144th Street South,2626.32517375,,,,,,,,,,,,,,,,Existing,Multi-Use,,jechezem,jechezem,Douglas,,2022/12/08 14:08:00+00,2022/12/08 14:01:26+00,,68.5782929599098
493,144thTrail-493,144th Street South,,,,,,Yes,,,,,,No,Easy,,,,Existing,,,,,,,,,,116.233255407493
495,144thTrail-495,144th Street South,,,,,,Yes,,,,,,No,Easy,,,,Existing,,,,,,,,,,76.1011862760428
